,sample,strain,ref_file,condition,fastq1,fastq2,growth_media,og_strains,day,well
0,ASC1-0_S17,B8,/scicore/home/nimwegen/bojani0000/Gene_clustering_algorithms/pan-genome-analysis/data/E_coli_backup4/input_GenBank/B8_pilon_round_4_annotated.gbk,strict,/scicore/home/nimwegen/bojani0000/20260806-dna-rna-deconvolution-pipeline/breseq_strain_assignment_pipeline/OUTPUT_breseq_assignment/fastq/ASC1-0_S17/B8.strict_R1.fastq.gz,/scicore/home/nimwegen/bojani0000/20260806-dna-rna-deconvolution-pipeline/breseq_strain_assignment_pipeline/OUTPUT_breseq_assignment/fastq/ASC1-0_S17/B8.strict_R2.fastq.gz,CONTROL,"['K12', 'B8', 'D2', 'C5', 'H1', 'D5', 'E3']",0,ASC1
1,ASC1-0_S17,B8,/scicore/home/nimwegen/bojani0000/Gene_clustering_algorithms/pan-genome-analysis/data/E_coli_backup4/input_GenBank/B8_pilon_round_4_annotated.gbk,permissive,/scicore/home/nimwegen/bojani0000/20260806-dna-rna-deconvolution-pipeline/breseq_strain_assignment_pipeline/OUTPUT_breseq_assignment/fastq/ASC1-0_S17/B8.permissive_R1.fastq.gz,/scicore/home/nimwegen/bojani0000/20260806-dna-rna-deconvolution-pipeline/breseq_strain_assignment_pipeline/OUTPUT_breseq_assignment/fastq/ASC1-0_S17/B8.permissive_R2.fastq.gz,CONTROL,"['K12', 'B8', 'D2', 'C5', 'H1', 'D5', 'E3']",0,ASC1
2,ASC1-0_S17,C5,/scicore/home/nimwegen/bojani0000/Gene_clustering_algorithms/pan-genome-analysis/data/E_coli_backup4/input_GenBank/C5_pilon_round_4_annotated.gbk,strict,/scicore/home/nimwegen/bojani0000/20260806-dna-rna-deconvolution-pipeline/breseq_strain_assignment_pipeline/OUTPUT_breseq_assignment/fastq/ASC1-0_S17/C5.strict_R1.fastq.gz,/scicore/home/nimwegen/bojani0000/20260806-dna-rna-deconvolution-pipeline/breseq_strain_assignment_pipeline/OUTPUT_breseq_assignment/fastq/ASC1-0_S17/C5.strict_R2.fastq.gz,CONTROL,"['K12', 'B8', 'D2', 'C5', 'H1', 'D5', 'E3']",0,ASC1
3,ASC1-0_S17,C5,/scicore/home/nimwegen/bojani0000/Gene_clustering_algorithms/pan-genome-analysis/data/E_coli_backup4/input_GenBank/C5_pilon_round_4_annotated.gbk,permissive,/scicore/home/nimwegen/bojani0000/20260806-dna-rna-deconvolution-pipeline/breseq_strain_assignment_pipeline/OUTPUT_breseq_assignment/fastq/ASC1-0_S17/C5.permissive_R1.fastq.gz,/scicore/home/nimwegen/bojani0000/20260806-dna-rna-deconvolution-pipeline/breseq_strain_assignment_pipeline/OUTPUT_breseq_assignment/fastq/ASC1-0_S17/C5.permissive_R2.fastq.gz,CONTROL,"['K12', 'B8', 'D2', 'C5', 'H1', 'D5', 'E3']",0,ASC1
4,ASC1-0_S17,H1,/scicore/home/nimwegen/bojani0000/Gene_clustering_algorithms/pan-genome-analysis/data/E_coli_backup4/input_GenBank/H1_pilon_round_4_annotated.gbk,strict,/scicore/home/nimwegen/bojani0000/20260806-dna-rna-deconvolution-pipeline/breseq_strain_assignment_pipeline/OUTPUT_breseq_assignment/fastq/ASC1-0_S17/H1.strict_R1.fastq.gz,/scicore/home/nimwegen/bojani0000/20260806-dna-rna-deconvolution-pipeline/breseq_strain_assignment_pipeline/OUTPUT_breseq_assignment/fastq/ASC1-0_S17/H1.strict_R2.fastq.gz,CONTROL,"['K12', 'B8', 'D2', 'C5', 'H1', 'D5', 'E3']",0,ASC1
5,ASC1-0_S17,H1,/scicore/home/nimwegen/bojani0000/Gene_clustering_algorithms/pan-genome-analysis/data/E_coli_backup4/input_GenBank/H1_pilon_round_4_annotated.gbk,permissive,/scicore/home/nimwegen/bojani0000/20260806-dna-rna-deconvolution-pipeline/breseq_strain_assignment_pipeline/OUTPUT_breseq_assignment/fastq/ASC1-0_S17/H1.permissive_R1.fastq.gz,/scicore/home/nimwegen/bojani0000/20260806-dna-rna-deconvolution-pipeline/breseq_strain_assignment_pipeline/OUTPUT_breseq_assignment/fastq/ASC1-0_S17/H1.permissive_R2.fastq.gz,CONTROL,"['K12', 'B8', 'D2', 'C5', 'H1', 'D5', 'E3']",0,ASC1
6,AC2-0_S16,B8,/scicore/home/nimwegen/bojani0000/Gene_clustering_algorithms/pan-genome-analysis/data/E_coli_backup4/input_GenBank/B8_pilon_round_4_annotated.gbk,strict,/scicore/home/nimwegen/bojani0000/20260806-dna-rna-deconvolution-pipeline/breseq_strain_assignment_pipeline/OUTPUT_breseq_assignment/fastq/AC2-0_S16/B8.strict_R1.fastq.gz,/scicore/home/nimwegen/bojani0000/20260806-dna-rna-deconvolution-pipeline/breseq_strain_assignment_pipeline/OUTPUT_breseq_assignment/fastq/AC2-0_S16/B8.strict_R2.fastq.gz,CONTROL,"['K12', 'B8', 'D2', 'C5', 'H1', 'D5', 'E3']",0,AC2
7,AC2-0_S16,B8,/scicore/home/nimwegen/bojani0000/Gene_clustering_algorithms/pan-genome-analysis/data/E_coli_backup4/input_GenBank/B8_pilon_round_4_annotated.gbk,permissive,/scicore/home/nimwegen/bojani0000/20260806-dna-rna-deconvolution-pipeline/breseq_strain_assignment_pipeline/OUTPUT_breseq_assignment/fastq/AC2-0_S16/B8.permissive_R1.fastq.gz,/scicore/home/nimwegen/bojani0000/20260806-dna-rna-deconvolution-pipeline/breseq_strain_assignment_pipeline/OUTPUT_breseq_assignment/fastq/AC2-0_S16/B8.permissive_R2.fastq.gz,CONTROL,"['K12', 'B8', 'D2', 'C5', 'H1', 'D5', 'E3']",0,AC2
8,AC2-0_S16,D2,/scicore/home/nimwegen/bojani0000/Gene_clustering_algorithms/pan-genome-analysis/data/E_coli_backup4/input_GenBank/D2_pilon_round_4_annotated.gbk,strict,/scicore/home/nimwegen/bojani0000/20260806-dna-rna-deconvolution-pipeline/breseq_strain_assignment_pipeline/OUTPUT_breseq_assignment/fastq/AC2-0_S16/D2.strict_R1.fastq.gz,/scicore/home/nimwegen/bojani0000/20260806-dna-rna-deconvolution-pipeline/breseq_strain_assignment_pipeline/OUTPUT_breseq_assignment/fastq/AC2-0_S16/D2.strict_R2.fastq.gz,CONTROL,"['K12', 'B8', 'D2', 'C5', 'H1', 'D5', 'E3']",0,AC2
9,AC2-0_S16,D2,/scicore/home/nimwegen/bojani0000/Gene_clustering_algorithms/pan-genome-analysis/data/E_coli_backup4/input_GenBank/D2_pilon_round_4_annotated.gbk,permissive,/scicore/home/nimwegen/bojani0000/20260806-dna-rna-deconvolution-pipeline/breseq_strain_assignment_pipeline/OUTPUT_breseq_assignment/fastq/AC2-0_S16/D2.permissive_R1.fastq.gz,/scicore/home/nimwegen/bojani0000/20260806-dna-rna-deconvolution-pipeline/breseq_strain_assignment_pipeline/OUTPUT_breseq_assignment/fastq/AC2-0_S16/D2.permissive_R2.fastq.gz,CONTROL,"['K12', 'B8', 'D2', 'C5', 'H1', 'D5', 'E3']",0,AC2
10,AC2-0_S16,H1,/scicore/home/nimwegen/bojani0000/Gene_clustering_algorithms/pan-genome-analysis/data/E_coli_backup4/input_GenBank/H1_pilon_round_4_annotated.gbk,strict,/scicore/home/nimwegen/bojani0000/20260806-dna-rna-deconvolution-pipeline/breseq_strain_assignment_pipeline/OUTPUT_breseq_assignment/fastq/AC2-0_S16/H1.strict_R1.fastq.gz,/scicore/home/nimwegen/bojani0000/20260806-dna-rna-deconvolution-pipeline/breseq_strain_assignment_pipeline/OUTPUT_breseq_assignment/fastq/AC2-0_S16/H1.strict_R2.fastq.gz,CONTROL,"['K12', 'B8', 'D2', 'C5', 'H1', 'D5', 'E3']",0,AC2
11,AC2-0_S16,H1,/scicore/home/nimwegen/bojani0000/Gene_clustering_algorithms/pan-genome-analysis/data/E_coli_backup4/input_GenBank/H1_pilon_round_4_annotated.gbk,permissive,/scicore/home/nimwegen/bojani0000/20260806-dna-rna-deconvolution-pipeline/breseq_strain_assignment_pipeline/OUTPUT_breseq_assignment/fastq/AC2-0_S16/H1.permissive_R1.fastq.gz,/scicore/home/nimwegen/bojani0000/20260806-dna-rna-deconvolution-pipeline/breseq_strain_assignment_pipeline/OUTPUT_breseq_assignment/fastq/AC2-0_S16/H1.permissive_R2.fastq.gz,CONTROL,"['K12', 'B8', 'D2', 'C5', 'H1', 'D5', 'E3']",0,AC2
12,AC2-0_S16,D5,/scicore/home/nimwegen/bojani0000/Gene_clustering_algorithms/pan-genome-analysis/data/E_coli_backup4/input_GenBank/D5_pilon_round_4_annotated.gbk,strict,/scicore/home/nimwegen/bojani0000/20260806-dna-rna-deconvolution-pipeline/breseq_strain_assignment_pipeline/OUTPUT_breseq_assignment/fastq/AC2-0_S16/D5.strict_R1.fastq.gz,/scicore/home/nimwegen/bojani0000/20260806-dna-rna-deconvolution-pipeline/breseq_strain_assignment_pipeline/OUTPUT_breseq_assignment/fastq/AC2-0_S16/D5.strict_R2.fastq.gz,CONTROL,"['K12', 'B8', 'D2', 'C5', 'H1', 'D5', 'E3']",0,AC2
13,AC2-0_S16,D5,/scicore/home/nimwegen/bojani0000/Gene_clustering_algorithms/pan-genome-analysis/data/E_coli_backup4/input_GenBank/D5_pilon_round_4_annotated.gbk,permissive,/scicore/home/nimwegen/bojani0000/20260806-dna-rna-deconvolution-pipeline/breseq_strain_assignment_pipeline/OUTPUT_breseq_assignment/fastq/AC2-0_S16/D5.permissive_R1.fastq.gz,/scicore/home/nimwegen/bojani0000/20260806-dna-rna-deconvolution-pipeline/breseq_strain_assignment_pipeline/OUTPUT_breseq_assignment/fastq/AC2-0_S16/D5.permissive_R2.fastq.gz,CONTROL,"['K12', 'B8', 'D2', 'C5', 'H1', 'D5', 'E3']",0,AC2
14,AC2-0_S16,E3,/scicore/home/nimwegen/bojani0000/Gene_clustering_algorithms/pan-genome-analysis/data/E_coli_backup4/input_GenBank/E3_pilon_round_4_annotated.gbk,strict,/scicore/home/nimwegen/bojani0000/20260806-dna-rna-deconvolution-pipeline/breseq_strain_assignment_pipeline/OUTPUT_breseq_assignment/fastq/AC2-0_S16/E3.strict_R1.fastq.gz,/scicore/home/nimwegen/bojani0000/20260806-dna-rna-deconvolution-pipeline/breseq_strain_assignment_pipeline/OUTPUT_breseq_assignment/fastq/AC2-0_S16/E3.strict_R2.fastq.gz,CONTROL,"['K12', 'B8', 'D2', 'C5', 'H1', 'D5', 'E3']",0,AC2
15,AC2-0_S16,E3,/scicore/home/nimwegen/bojani0000/Gene_clustering_algorithms/pan-genome-analysis/data/E_coli_backup4/input_GenBank/E3_pilon_round_4_annotated.gbk,permissive,/scicore/home/nimwegen/bojani0000/20260806-dna-rna-deconvolution-pipeline/breseq_strain_assignment_pipeline/OUTPUT_breseq_assignment/fastq/AC2-0_S16/E3.permissive_R1.fastq.gz,/scicore/home/nimwegen/bojani0000/20260806-dna-rna-deconvolution-pipeline/breseq_strain_assignment_pipeline/OUTPUT_breseq_assignment/fastq/AC2-0_S16/E3.permissive_R2.fastq.gz,CONTROL,"['K12', 'B8', 'D2', 'C5', 'H1', 'D5', 'E3']",0,AC2
16,A1-DAY1_S01,K12,/scicore/home/nimwegen/bojani0000/Gene_clustering_algorithms/pan-genome-analysis/data/E_coli_backup4/input_GenBank/K12_pilon_round_4_annotated.gbk,strict,/scicore/home/nimwegen/bojani0000/20260806-dna-rna-deconvolution-pipeline/breseq_strain_assignment_pipeline/OUTPUT_breseq_assignment/fastq/A1-DAY1_S01/K12.strict_R1.fastq.gz,/scicore/home/nimwegen/bojani0000/20260806-dna-rna-deconvolution-pipeline/breseq_strain_assignment_pipeline/OUTPUT_breseq_assignment/fastq/A1-DAY1_S01/K12.strict_R2.fastq.gz,CHL,"['K12', 'B8']",1,A1
17,A1-DAY1_S01,K12,/scicore/home/nimwegen/bojani0000/Gene_clustering_algorithms/pan-genome-analysis/data/E_coli_backup4/input_GenBank/K12_pilon_round_4_annotated.gbk,permissive,/scicore/home/nimwegen/bojani0000/20260806-dna-rna-deconvolution-pipeline/breseq_strain_assignment_pipeline/OUTPUT_breseq_assignment/fastq/A1-DAY1_S01/K12.permissive_R1.fastq.gz,/scicore/home/nimwegen/bojani0000/20260806-dna-rna-deconvolution-pipeline/breseq_strain_assignment_pipeline/OUTPUT_breseq_assignment/fastq/A1-DAY1_S01/K12.permissive_R2.fastq.gz,CHL,"['K12', 'B8']",1,A1
18,A1-DAY1_S01,B8,/scicore/home/nimwegen/bojani0000/Gene_clustering_algorithms/pan-genome-analysis/data/E_coli_backup4/input_GenBank/B8_pilon_round_4_annotated.gbk,strict,/scicore/home/nimwegen/bojani0000/20260806-dna-rna-deconvolution-pipeline/breseq_strain_assignment_pipeline/OUTPUT_breseq_assignment/fastq/A1-DAY1_S01/B8.strict_R1.fastq.gz,/scicore/home/nimwegen/bojani0000/20260806-dna-rna-deconvolution-pipeline/breseq_strain_assignment_pipeline/OUTPUT_breseq_assignment/fastq/A1-DAY1_S01/B8.strict_R2.fastq.gz,CHL,"['K12', 'B8']",1,A1
19,A1-DAY1_S01,B8,/scicore/home/nimwegen/bojani0000/Gene_clustering_algorithms/pan-genome-analysis/data/E_coli_backup4/input_GenBank/B8_pilon_round_4_annotated.gbk,permissive,/scicore/home/nimwegen/bojani0000/20260806-dna-rna-deconvolution-pipeline/breseq_strain_assignment_pipeline/OUTPUT_breseq_assignment/fastq/A1-DAY1_S01/B8.permissive_R1.fastq.gz,/scicore/home/nimwegen/bojani0000/20260806-dna-rna-deconvolution-pipeline/breseq_strain_assignment_pipeline/OUTPUT_breseq_assignment/fastq/A1-DAY1_S01/B8.permissive_R2.fastq.gz,CHL,"['K12', 'B8']",1,A1
20,A2-DAY1_S03,C5,/scicore/home/nimwegen/bojani0000/Gene_clustering_algorithms/pan-genome-analysis/data/E_coli_backup4/input_GenBank/C5_pilon_round_4_annotated.gbk,strict,/scicore/home/nimwegen/bojani0000/20260806-dna-rna-deconvolution-pipeline/breseq_strain_assignment_pipeline/OUTPUT_breseq_assignment/fastq/A2-DAY1_S03/C5.strict_R1.fastq.gz,/scicore/home/nimwegen/bojani0000/20260806-dna-rna-deconvolution-pipeline/breseq_strain_assignment_pipeline/OUTPUT_breseq_assignment/fastq/A2-DAY1_S03/C5.strict_R2.fastq.gz,CHL,"['K12', 'C5']",1,A2
21,A2-DAY1_S03,C5,/scicore/home/nimwegen/bojani0000/Gene_clustering_algorithms/pan-genome-analysis/data/E_coli_backup4/input_GenBank/C5_pilon_round_4_annotated.gbk,permissive,/scicore/home/nimwegen/bojani0000/20260806-dna-rna-deconvolution-pipeline/breseq_strain_assignment_pipeline/OUTPUT_breseq_assignment/fastq/A2-DAY1_S03/C5.permissive_R1.fastq.gz,/scicore/home/nimwegen/bojani0000/20260806-dna-rna-deconvolution-pipeline/breseq_strain_assignment_pipeline/OUTPUT_breseq_assignment/fastq/A2-DAY1_S03/C5.permissive_R2.fastq.gz,CHL,"['K12', 'C5']",1,A2
22,A3-DAY1_S06,K12,/scicore/home/nimwegen/bojani0000/Gene_clustering_algorithms/pan-genome-analysis/data/E_coli_backup4/input_GenBank/K12_pilon_round_4_annotated.gbk,strict,/scicore/home/nimwegen/bojani0000/20260806-dna-rna-deconvolution-pipeline/breseq_strain_assignment_pipeline/OUTPUT_breseq_assignment/fastq/A3-DAY1_S06/K12.strict_R1.fastq.gz,/scicore/home/nimwegen/bojani0000/20260806-dna-rna-deconvolution-pipeline/breseq_strain_assignment_pipeline/OUTPUT_breseq_assignment/fastq/A3-DAY1_S06/K12.strict_R2.fastq.gz,CHL,"['K12', 'D2']",1,A3
23,A3-DAY1_S06,K12,/scicore/home/nimwegen/bojani0000/Gene_clustering_algorithms/pan-genome-analysis/data/E_coli_backup4/input_GenBank/K12_pilon_round_4_annotated.gbk,permissive,/scicore/home/nimwegen/bojani0000/20260806-dna-rna-deconvolution-pipeline/breseq_strain_assignment_pipeline/OUTPUT_breseq_assignment/fastq/A3-DAY1_S06/K12.permissive_R1.fastq.gz,/scicore/home/nimwegen/bojani0000/20260806-dna-rna-deconvolution-pipeline/breseq_strain_assignment_pipeline/OUTPUT_breseq_assignment/fastq/A3-DAY1_S06/K12.permissive_R2.fastq.gz,CHL,"['K12', 'D2']",1,A3
24,A3-DAY1_S06,D2,/scicore/home/nimwegen/bojani0000/Gene_clustering_algorithms/pan-genome-analysis/data/E_coli_backup4/input_GenBank/D2_pilon_round_4_annotated.gbk,strict,/scicore/home/nimwegen/bojani0000/20260806-dna-rna-deconvolution-pipeline/breseq_strain_assignment_pipeline/OUTPUT_breseq_assignment/fastq/A3-DAY1_S06/D2.strict_R1.fastq.gz,/scicore/home/nimwegen/bojani0000/20260806-dna-rna-deconvolution-pipeline/breseq_strain_assignment_pipeline/OUTPUT_breseq_assignment/fastq/A3-DAY1_S06/D2.strict_R2.fastq.gz,CHL,"['K12', 'D2']",1,A3
25,A3-DAY1_S06,D2,/scicore/home/nimwegen/bojani0000/Gene_clustering_algorithms/pan-genome-analysis/data/E_coli_backup4/input_GenBank/D2_pilon_round_4_annotated.gbk,permissive,/scicore/home/nimwegen/bojani0000/20260806-dna-rna-deconvolution-pipeline/breseq_strain_assignment_pipeline/OUTPUT_breseq_assignment/fastq/A3-DAY1_S06/D2.permissive_R1.fastq.gz,/scicore/home/nimwegen/bojani0000/20260806-dna-rna-deconvolution-pipeline/breseq_strain_assignment_pipeline/OUTPUT_breseq_assignment/fastq/A3-DAY1_S06/D2.permissive_R2.fastq.gz,CHL,"['K12', 'D2']",1,A3
26,A4-DAY1_S08,D5,/scicore/home/nimwegen/bojani0000/Gene_clustering_algorithms/pan-genome-analysis/data/E_coli_backup4/input_GenBank/D5_pilon_round_4_annotated.gbk,strict,/scicore/home/nimwegen/bojani0000/20260806-dna-rna-deconvolution-pipeline/breseq_strain_assignment_pipeline/OUTPUT_breseq_assignment/fastq/A4-DAY1_S08/D5.strict_R1.fastq.gz,/scicore/home/nimwegen/bojani0000/20260806-dna-rna-deconvolution-pipeline/breseq_strain_assignment_pipeline/OUTPUT_breseq_assignment/fastq/A4-DAY1_S08/D5.strict_R2.fastq.gz,CHL,"['K12', 'D5']",1,A4
27,A4-DAY1_S08,D5,/scicore/home/nimwegen/bojani0000/Gene_clustering_algorithms/pan-genome-analysis/data/E_coli_backup4/input_GenBank/D5_pilon_round_4_annotated.gbk,permissive,/scicore/home/nimwegen/bojani0000/20260806-dna-rna-deconvolution-pipeline/breseq_strain_assignment_pipeline/OUTPUT_breseq_assignment/fastq/A4-DAY1_S08/D5.permissive_R1.fastq.gz,/scicore/home/nimwegen/bojani0000/20260806-dna-rna-deconvolution-pipeline/breseq_strain_assignment_pipeline/OUTPUT_breseq_assignment/fastq/A4-DAY1_S08/D5.permissive_R2.fastq.gz,CHL,"['K12', 'D5']",1,A4
28,A5-DAY1_S09,K12,/scicore/home/nimwegen/bojani0000/Gene_clustering_algorithms/pan-genome-analysis/data/E_coli_backup4/input_GenBank/K12_pilon_round_4_annotated.gbk,strict,/scicore/home/nimwegen/bojani0000/20260806-dna-rna-deconvolution-pipeline/breseq_strain_assignment_pipeline/OUTPUT_breseq_assignment/fastq/A5-DAY1_S09/K12.strict_R1.fastq.gz,/scicore/home/nimwegen/bojani0000/20260806-dna-rna-deconvolution-pipeline/breseq_strain_assignment_pipeline/OUTPUT_breseq_assignment/fastq/A5-DAY1_S09/K12.strict_R2.fastq.gz,CHL,"['K12', 'E3']",1,A5
29,A5-DAY1_S09,K12,/scicore/home/nimwegen/bojani0000/Gene_clustering_algorithms/pan-genome-analysis/data/E_coli_backup4/input_GenBank/K12_pilon_round_4_annotated.gbk,permissive,/scicore/home/nimwegen/bojani0000/20260806-dna-rna-deconvolution-pipeline/breseq_strain_assignment_pipeline/OUTPUT_breseq_assignment/fastq/A5-DAY1_S09/K12.permissive_R1.fastq.gz,/scicore/home/nimwegen/bojani0000/20260806-dna-rna-deconvolution-pipeline/breseq_strain_assignment_pipeline/OUTPUT_breseq_assignment/fastq/A5-DAY1_S09/K12.permissive_R2.fastq.gz,CHL,"['K12', 'E3']",1,A5
30,A5-DAY1_S09,E3,/scicore/home/nimwegen/bojani0000/Gene_clustering_algorithms/pan-genome-analysis/data/E_coli_backup4/input_GenBank/E3_pilon_round_4_annotated.gbk,strict,/scicore/home/nimwegen/bojani0000/20260806-dna-rna-deconvolution-pipeline/breseq_strain_assignment_pipeline/OUTPUT_breseq_assignment/fastq/A5-DAY1_S09/E3.strict_R1.fastq.gz,/scicore/home/nimwegen/bojani0000/20260806-dna-rna-deconvolution-pipeline/breseq_strain_assignment_pipeline/OUTPUT_breseq_assignment/fastq/A5-DAY1_S09/E3.strict_R2.fastq.gz,CHL,"['K12', 'E3']",1,A5
31,A5-DAY1_S09,E3,/scicore/home/nimwegen/bojani0000/Gene_clustering_algorithms/pan-genome-analysis/data/E_coli_backup4/input_GenBank/E3_pilon_round_4_annotated.gbk,permissive,/scicore/home/nimwegen/bojani0000/20260806-dna-rna-deconvolution-pipeline/breseq_strain_assignment_pipeline/OUTPUT_breseq_assignment/fastq/A5-DAY1_S09/E3.permissive_R1.fastq.gz,/scicore/home/nimwegen/bojani0000/20260806-dna-rna-deconvolution-pipeline/breseq_strain_assignment_pipeline/OUTPUT_breseq_assignment/fastq/A5-DAY1_S09/E3.permissive_R2.fastq.gz,CHL,"['K12', 'E3']",1,A5
32,A6-DAY1_S11,H1,/scicore/home/nimwegen/bojani0000/Gene_clustering_algorithms/pan-genome-analysis/data/E_coli_backup4/input_GenBank/H1_pilon_round_4_annotated.gbk,strict,/scicore/home/nimwegen/bojani0000/20260806-dna-rna-deconvolution-pipeline/breseq_strain_assignment_pipeline/OUTPUT_breseq_assignment/fastq/A6-DAY1_S11/H1.strict_R1.fastq.gz,/scicore/home/nimwegen/bojani0000/20260806-dna-rna-deconvolution-pipeline/breseq_strain_assignment_pipeline/OUTPUT_breseq_assignment/fastq/A6-DAY1_S11/H1.strict_R2.fastq.gz,CHL,"['K12', 'H1']",1,A6
33,A6-DAY1_S11,H1,/scicore/home/nimwegen/bojani0000/Gene_clustering_algorithms/pan-genome-analysis/data/E_coli_backup4/input_GenBank/H1_pilon_round_4_annotated.gbk,permissive,/scicore/home/nimwegen/bojani0000/20260806-dna-rna-deconvolution-pipeline/breseq_strain_assignment_pipeline/OUTPUT_breseq_assignment/fastq/A6-DAY1_S11/H1.permissive_R1.fastq.gz,/scicore/home/nimwegen/bojani0000/20260806-dna-rna-deconvolution-pipeline/breseq_strain_assignment_pipeline/OUTPUT_breseq_assignment/fastq/A6-DAY1_S11/H1.permissive_R2.fastq.gz,CHL,"['K12', 'H1']",1,A6
34,A7-DAY1_S13,C5,/scicore/home/nimwegen/bojani0000/Gene_clustering_algorithms/pan-genome-analysis/data/E_coli_backup4/input_GenBank/C5_pilon_round_4_annotated.gbk,strict,/scicore/home/nimwegen/bojani0000/20260806-dna-rna-deconvolution-pipeline/breseq_strain_assignment_pipeline/OUTPUT_breseq_assignment/fastq/A7-DAY1_S13/C5.strict_R1.fastq.gz,/scicore/home/nimwegen/bojani0000/20260806-dna-rna-deconvolution-pipeline/breseq_strain_assignment_pipeline/OUTPUT_breseq_assignment/fastq/A7-DAY1_S13/C5.strict_R2.fastq.gz,CHL,"['K12', 'D2', 'C5', 'H1', 'D5', 'E3']",1,A7
35,A7-DAY1_S13,C5,/scicore/home/nimwegen/bojani0000/Gene_clustering_algorithms/pan-genome-analysis/data/E_coli_backup4/input_GenBank/C5_pilon_round_4_annotated.gbk,permissive,/scicore/home/nimwegen/bojani0000/20260806-dna-rna-deconvolution-pipeline/breseq_strain_assignment_pipeline/OUTPUT_breseq_assignment/fastq/A7-DAY1_S13/C5.permissive_R1.fastq.gz,/scicore/home/nimwegen/bojani0000/20260806-dna-rna-deconvolution-pipeline/breseq_strain_assignment_pipeline/OUTPUT_breseq_assignment/fastq/A7-DAY1_S13/C5.permissive_R2.fastq.gz,CHL,"['K12', 'D2', 'C5', 'H1', 'D5', 'E3']",1,A7
36,A7-DAY1_S13,E3,/scicore/home/nimwegen/bojani0000/Gene_clustering_algorithms/pan-genome-analysis/data/E_coli_backup4/input_GenBank/E3_pilon_round_4_annotated.gbk,strict,/scicore/home/nimwegen/bojani0000/20260806-dna-rna-deconvolution-pipeline/breseq_strain_assignment_pipeline/OUTPUT_breseq_assignment/fastq/A7-DAY1_S13/E3.strict_R1.fastq.gz,/scicore/home/nimwegen/bojani0000/20260806-dna-rna-deconvolution-pipeline/breseq_strain_assignment_pipeline/OUTPUT_breseq_assignment/fastq/A7-DAY1_S13/E3.strict_R2.fastq.gz,CHL,"['K12', 'D2', 'C5', 'H1', 'D5', 'E3']",1,A7
37,A7-DAY1_S13,E3,/scicore/home/nimwegen/bojani0000/Gene_clustering_algorithms/pan-genome-analysis/data/E_coli_backup4/input_GenBank/E3_pilon_round_4_annotated.gbk,permissive,/scicore/home/nimwegen/bojani0000/20260806-dna-rna-deconvolution-pipeline/breseq_strain_assignment_pipeline/OUTPUT_breseq_assignment/fastq/A7-DAY1_S13/E3.permissive_R1.fastq.gz,/scicore/home/nimwegen/bojani0000/20260806-dna-rna-deconvolution-pipeline/breseq_strain_assignment_pipeline/OUTPUT_breseq_assignment/fastq/A7-DAY1_S13/E3.permissive_R2.fastq.gz,CHL,"['K12', 'D2', 'C5', 'H1', 'D5', 'E3']",1,A7
38,B1-DAY1_S26,H1,/scicore/home/nimwegen/bojani0000/Gene_clustering_algorithms/pan-genome-analysis/data/E_coli_backup4/input_GenBank/H1_pilon_round_4_annotated.gbk,strict,/scicore/home/nimwegen/bojani0000/20260806-dna-rna-deconvolution-pipeline/breseq_strain_assignment_pipeline/OUTPUT_breseq_assignment/fastq/B1-DAY1_S26/H1.strict_R1.fastq.gz,/scicore/home/nimwegen/bojani0000/20260806-dna-rna-deconvolution-pipeline/breseq_strain_assignment_pipeline/OUTPUT_breseq_assignment/fastq/B1-DAY1_S26/H1.strict_R2.fastq.gz,CHL,"['B8', 'H1']",1,B1
39,B1-DAY1_S26,H1,/scicore/home/nimwegen/bojani0000/Gene_clustering_algorithms/pan-genome-analysis/data/E_coli_backup4/input_GenBank/H1_pilon_round_4_annotated.gbk,permissive,/scicore/home/nimwegen/bojani0000/20260806-dna-rna-deconvolution-pipeline/breseq_strain_assignment_pipeline/OUTPUT_breseq_assignment/fastq/B1-DAY1_S26/H1.permissive_R1.fastq.gz,/scicore/home/nimwegen/bojani0000/20260806-dna-rna-deconvolution-pipeline/breseq_strain_assignment_pipeline/OUTPUT_breseq_assignment/fastq/B1-DAY1_S26/H1.permissive_R2.fastq.gz,CHL,"['B8', 'H1']",1,B1
40,B2-DAY1_S28,C5,/scicore/home/nimwegen/bojani0000/Gene_clustering_algorithms/pan-genome-analysis/data/E_coli_backup4/input_GenBank/C5_pilon_round_4_annotated.gbk,strict,/scicore/home/nimwegen/bojani0000/20260806-dna-rna-deconvolution-pipeline/breseq_strain_assignment_pipeline/OUTPUT_breseq_assignment/fastq/B2-DAY1_S28/C5.strict_R1.fastq.gz,/scicore/home/nimwegen/bojani0000/20260806-dna-rna-deconvolution-pipeline/breseq_strain_assignment_pipeline/OUTPUT_breseq_assignment/fastq/B2-DAY1_S28/C5.strict_R2.fastq.gz,CHL,"['C5', 'H1']",1,B2
41,B2-DAY1_S28,C5,/scicore/home/nimwegen/bojani0000/Gene_clustering_algorithms/pan-genome-analysis/data/E_coli_backup4/input_GenBank/C5_pilon_round_4_annotated.gbk,permissive,/scicore/home/nimwegen/bojani0000/20260806-dna-rna-deconvolution-pipeline/breseq_strain_assignment_pipeline/OUTPUT_breseq_assignment/fastq/B2-DAY1_S28/C5.permissive_R1.fastq.gz,/scicore/home/nimwegen/bojani0000/20260806-dna-rna-deconvolution-pipeline/breseq_strain_assignment_pipeline/OUTPUT_breseq_assignment/fastq/B2-DAY1_S28/C5.permissive_R2.fastq.gz,CHL,"['C5', 'H1']",1,B2
42,B3-DAY1_S30,H1,/scicore/home/nimwegen/bojani0000/Gene_clustering_algorithms/pan-genome-analysis/data/E_coli_backup4/input_GenBank/H1_pilon_round_4_annotated.gbk,strict,/scicore/home/nimwegen/bojani0000/20260806-dna-rna-deconvolution-pipeline/breseq_strain_assignment_pipeline/OUTPUT_breseq_assignment/fastq/B3-DAY1_S30/H1.strict_R1.fastq.gz,/scicore/home/nimwegen/bojani0000/20260806-dna-rna-deconvolution-pipeline/breseq_strain_assignment_pipeline/OUTPUT_breseq_assignment/fastq/B3-DAY1_S30/H1.strict_R2.fastq.gz,CHL,"['D2', 'H1']",1,B3
43,B3-DAY1_S30,H1,/scicore/home/nimwegen/bojani0000/Gene_clustering_algorithms/pan-genome-analysis/data/E_coli_backup4/input_GenBank/H1_pilon_round_4_annotated.gbk,permissive,/scicore/home/nimwegen/bojani0000/20260806-dna-rna-deconvolution-pipeline/breseq_strain_assignment_pipeline/OUTPUT_breseq_assignment/fastq/B3-DAY1_S30/H1.permissive_R1.fastq.gz,/scicore/home/nimwegen/bojani0000/20260806-dna-rna-deconvolution-pipeline/breseq_strain_assignment_pipeline/OUTPUT_breseq_assignment/fastq/B3-DAY1_S30/H1.permissive_R2.fastq.gz,CHL,"['D2', 'H1']",1,B3
44,B5-DAY1_S33,H1,/scicore/home/nimwegen/bojani0000/Gene_clustering_algorithms/pan-genome-analysis/data/E_coli_backup4/input_GenBank/H1_pilon_round_4_annotated.gbk,strict,/scicore/home/nimwegen/bojani0000/20260806-dna-rna-deconvolution-pipeline/breseq_strain_assignment_pipeline/OUTPUT_breseq_assignment/fastq/B5-DAY1_S33/H1.strict_R1.fastq.gz,/scicore/home/nimwegen/bojani0000/20260806-dna-rna-deconvolution-pipeline/breseq_strain_assignment_pipeline/OUTPUT_breseq_assignment/fastq/B5-DAY1_S33/H1.strict_R2.fastq.gz,CHL,"['H1', 'E3']",1,B5
45,B5-DAY1_S33,H1,/scicore/home/nimwegen/bojani0000/Gene_clustering_algorithms/pan-genome-analysis/data/E_coli_backup4/input_GenBank/H1_pilon_round_4_annotated.gbk,permissive,/scicore/home/nimwegen/bojani0000/20260806-dna-rna-deconvolution-pipeline/breseq_strain_assignment_pipeline/OUTPUT_breseq_assignment/fastq/B5-DAY1_S33/H1.permissive_R1.fastq.gz,/scicore/home/nimwegen/bojani0000/20260806-dna-rna-deconvolution-pipeline/breseq_strain_assignment_pipeline/OUTPUT_breseq_assignment/fastq/B5-DAY1_S33/H1.permissive_R2.fastq.gz,CHL,"['H1', 'E3']",1,B5
46,B6-DAY1_S35,C5,/scicore/home/nimwegen/bojani0000/Gene_clustering_algorithms/pan-genome-analysis/data/E_coli_backup4/input_GenBank/C5_pilon_round_4_annotated.gbk,strict,/scicore/home/nimwegen/bojani0000/20260806-dna-rna-deconvolution-pipeline/breseq_strain_assignment_pipeline/OUTPUT_breseq_assignment/fastq/B6-DAY1_S35/C5.strict_R1.fastq.gz,/scicore/home/nimwegen/bojani0000/20260806-dna-rna-deconvolution-pipeline/breseq_strain_assignment_pipeline/OUTPUT_breseq_assignment/fastq/B6-DAY1_S35/C5.strict_R2.fastq.gz,CHL,"['K12', 'B8', 'C5', 'H1', 'D5', 'E3']",1,B6
47,B6-DAY1_S35,C5,/scicore/home/nimwegen/bojani0000/Gene_clustering_algorithms/pan-genome-analysis/data/E_coli_backup4/input_GenBank/C5_pilon_round_4_annotated.gbk,permissive,/scicore/home/nimwegen/bojani0000/20260806-dna-rna-deconvolution-pipeline/breseq_strain_assignment_pipeline/OUTPUT_breseq_assignment/fastq/B6-DAY1_S35/C5.permissive_R1.fastq.gz,/scicore/home/nimwegen/bojani0000/20260806-dna-rna-deconvolution-pipeline/breseq_strain_assignment_pipeline/OUTPUT_breseq_assignment/fastq/B6-DAY1_S35/C5.permissive_R2.fastq.gz,CHL,"['K12', 'B8', 'C5', 'H1', 'D5', 'E3']",1,B6
48,B6-DAY1_S35,E3,/scicore/home/nimwegen/bojani0000/Gene_clustering_algorithms/pan-genome-analysis/data/E_coli_backup4/input_GenBank/E3_pilon_round_4_annotated.gbk,strict,/scicore/home/nimwegen/bojani0000/20260806-dna-rna-deconvolution-pipeline/breseq_strain_assignment_pipeline/OUTPUT_breseq_assignment/fastq/B6-DAY1_S35/E3.strict_R1.fastq.gz,/scicore/home/nimwegen/bojani0000/20260806-dna-rna-deconvolution-pipeline/breseq_strain_assignment_pipeline/OUTPUT_breseq_assignment/fastq/B6-DAY1_S35/E3.strict_R2.fastq.gz,CHL,"['K12', 'B8', 'C5', 'H1', 'D5', 'E3']",1,B6
49,B6-DAY1_S35,E3,/scicore/home/nimwegen/bojani0000/Gene_clustering_algorithms/pan-genome-analysis/data/E_coli_backup4/input_GenBank/E3_pilon_round_4_annotated.gbk,permissive,/scicore/home/nimwegen/bojani0000/20260806-dna-rna-deconvolution-pipeline/breseq_strain_assignment_pipeline/OUTPUT_breseq_assignment/fastq/B6-DAY1_S35/E3.permissive_R1.fastq.gz,/scicore/home/nimwegen/bojani0000/20260806-dna-rna-deconvolution-pipeline/breseq_strain_assignment_pipeline/OUTPUT_breseq_assignment/fastq/B6-DAY1_S35/E3.permissive_R2.fastq.gz,CHL,"['K12', 'B8', 'C5', 'H1', 'D5', 'E3']",1,B6
50,B7-DAY1_S37,B8,/scicore/home/nimwegen/bojani0000/Gene_clustering_algorithms/pan-genome-analysis/data/E_coli_backup4/input_GenBank/B8_pilon_round_4_annotated.gbk,strict,/scicore/home/nimwegen/bojani0000/20260806-dna-rna-deconvolution-pipeline/breseq_strain_assignment_pipeline/OUTPUT_breseq_assignment/fastq/B7-DAY1_S37/B8.strict_R1.fastq.gz,/scicore/home/nimwegen/bojani0000/20260806-dna-rna-deconvolution-pipeline/breseq_strain_assignment_pipeline/OUTPUT_breseq_assignment/fastq/B7-DAY1_S37/B8.strict_R2.fastq.gz,CHL,"['K12', 'B8', 'D2', 'C5', 'H1', 'E3']",1,B7
51,B7-DAY1_S37,B8,/scicore/home/nimwegen/bojani0000/Gene_clustering_algorithms/pan-genome-analysis/data/E_coli_backup4/input_GenBank/B8_pilon_round_4_annotated.gbk,permissive,/scicore/home/nimwegen/bojani0000/20260806-dna-rna-deconvolution-pipeline/breseq_strain_assignment_pipeline/OUTPUT_breseq_assignment/fastq/B7-DAY1_S37/B8.permissive_R1.fastq.gz,/scicore/home/nimwegen/bojani0000/20260806-dna-rna-deconvolution-pipeline/breseq_strain_assignment_pipeline/OUTPUT_breseq_assignment/fastq/B7-DAY1_S37/B8.permissive_R2.fastq.gz,CHL,"['K12', 'B8', 'D2', 'C5', 'H1', 'E3']",1,B7
52,B7-DAY1_S37,C5,/scicore/home/nimwegen/bojani0000/Gene_clustering_algorithms/pan-genome-analysis/data/E_coli_backup4/input_GenBank/C5_pilon_round_4_annotated.gbk,strict,/scicore/home/nimwegen/bojani0000/20260806-dna-rna-deconvolution-pipeline/breseq_strain_assignment_pipeline/OUTPUT_breseq_assignment/fastq/B7-DAY1_S37/C5.strict_R1.fastq.gz,/scicore/home/nimwegen/bojani0000/20260806-dna-rna-deconvolution-pipeline/breseq_strain_assignment_pipeline/OUTPUT_breseq_assignment/fastq/B7-DAY1_S37/C5.strict_R2.fastq.gz,CHL,"['K12', 'B8', 'D2', 'C5', 'H1', 'E3']",1,B7
53,B7-DAY1_S37,C5,/scicore/home/nimwegen/bojani0000/Gene_clustering_algorithms/pan-genome-analysis/data/E_coli_backup4/input_GenBank/C5_pilon_round_4_annotated.gbk,permissive,/scicore/home/nimwegen/bojani0000/20260806-dna-rna-deconvolution-pipeline/breseq_strain_assignment_pipeline/OUTPUT_breseq_assignment/fastq/B7-DAY1_S37/C5.permissive_R1.fastq.gz,/scicore/home/nimwegen/bojani0000/20260806-dna-rna-deconvolution-pipeline/breseq_strain_assignment_pipeline/OUTPUT_breseq_assignment/fastq/B7-DAY1_S37/C5.permissive_R2.fastq.gz,CHL,"['K12', 'B8', 'D2', 'C5', 'H1', 'E3']",1,B7
54,B7-DAY1_S37,E3,/scicore/home/nimwegen/bojani0000/Gene_clustering_algorithms/pan-genome-analysis/data/E_coli_backup4/input_GenBank/E3_pilon_round_4_annotated.gbk,strict,/scicore/home/nimwegen/bojani0000/20260806-dna-rna-deconvolution-pipeline/breseq_strain_assignment_pipeline/OUTPUT_breseq_assignment/fastq/B7-DAY1_S37/E3.strict_R1.fastq.gz,/scicore/home/nimwegen/bojani0000/20260806-dna-rna-deconvolution-pipeline/breseq_strain_assignment_pipeline/OUTPUT_breseq_assignment/fastq/B7-DAY1_S37/E3.strict_R2.fastq.gz,CHL,"['K12', 'B8', 'D2', 'C5', 'H1', 'E3']",1,B7
55,B7-DAY1_S37,E3,/scicore/home/nimwegen/bojani0000/Gene_clustering_algorithms/pan-genome-analysis/data/E_coli_backup4/input_GenBank/E3_pilon_round_4_annotated.gbk,permissive,/scicore/home/nimwegen/bojani0000/20260806-dna-rna-deconvolution-pipeline/breseq_strain_assignment_pipeline/OUTPUT_breseq_assignment/fastq/B7-DAY1_S37/E3.permissive_R1.fastq.gz,/scicore/home/nimwegen/bojani0000/20260806-dna-rna-deconvolution-pipeline/breseq_strain_assignment_pipeline/OUTPUT_breseq_assignment/fastq/B7-DAY1_S37/E3.permissive_R2.fastq.gz,CHL,"['K12', 'B8', 'D2', 'C5', 'H1', 'E3']",1,B7
56,B8-DAY1_S39,B8,/scicore/home/nimwegen/bojani0000/Gene_clustering_algorithms/pan-genome-analysis/data/E_coli_backup4/input_GenBank/B8_pilon_round_4_annotated.gbk,strict,/scicore/home/nimwegen/bojani0000/20260806-dna-rna-deconvolution-pipeline/breseq_strain_assignment_pipeline/OUTPUT_breseq_assignment/fastq/B8-DAY1_S39/B8.strict_R1.fastq.gz,/scicore/home/nimwegen/bojani0000/20260806-dna-rna-deconvolution-pipeline/breseq_strain_assignment_pipeline/OUTPUT_breseq_assignment/fastq/B8-DAY1_S39/B8.strict_R2.fastq.gz,CHL,"['K12', 'B8', 'D2', 'C5', 'H1', 'D5']",1,B8
57,B8-DAY1_S39,B8,/scicore/home/nimwegen/bojani0000/Gene_clustering_algorithms/pan-genome-analysis/data/E_coli_backup4/input_GenBank/B8_pilon_round_4_annotated.gbk,permissive,/scicore/home/nimwegen/bojani0000/20260806-dna-rna-deconvolution-pipeline/breseq_strain_assignment_pipeline/OUTPUT_breseq_assignment/fastq/B8-DAY1_S39/B8.permissive_R1.fastq.gz,/scicore/home/nimwegen/bojani0000/20260806-dna-rna-deconvolution-pipeline/breseq_strain_assignment_pipeline/OUTPUT_breseq_assignment/fastq/B8-DAY1_S39/B8.permissive_R2.fastq.gz,CHL,"['K12', 'B8', 'D2', 'C5', 'H1', 'D5']",1,B8
58,B8-DAY1_S39,D2,/scicore/home/nimwegen/bojani0000/Gene_clustering_algorithms/pan-genome-analysis/data/E_coli_backup4/input_GenBank/D2_pilon_round_4_annotated.gbk,strict,/scicore/home/nimwegen/bojani0000/20260806-dna-rna-deconvolution-pipeline/breseq_strain_assignment_pipeline/OUTPUT_breseq_assignment/fastq/B8-DAY1_S39/D2.strict_R1.fastq.gz,/scicore/home/nimwegen/bojani0000/20260806-dna-rna-deconvolution-pipeline/breseq_strain_assignment_pipeline/OUTPUT_breseq_assignment/fastq/B8-DAY1_S39/D2.strict_R2.fastq.gz,CHL,"['K12', 'B8', 'D2', 'C5', 'H1', 'D5']",1,B8
59,B8-DAY1_S39,D2,/scicore/home/nimwegen/bojani0000/Gene_clustering_algorithms/pan-genome-analysis/data/E_coli_backup4/input_GenBank/D2_pilon_round_4_annotated.gbk,permissive,/scicore/home/nimwegen/bojani0000/20260806-dna-rna-deconvolution-pipeline/breseq_strain_assignment_pipeline/OUTPUT_breseq_assignment/fastq/B8-DAY1_S39/D2.permissive_R1.fastq.gz,/scicore/home/nimwegen/bojani0000/20260806-dna-rna-deconvolution-pipeline/breseq_strain_assignment_pipeline/OUTPUT_breseq_assignment/fastq/B8-DAY1_S39/D2.permissive_R2.fastq.gz,CHL,"['K12', 'B8', 'D2', 'C5', 'H1', 'D5']",1,B8
60,B8-DAY1_S39,C5,/scicore/home/nimwegen/bojani0000/Gene_clustering_algorithms/pan-genome-analysis/data/E_coli_backup4/input_GenBank/C5_pilon_round_4_annotated.gbk,strict,/scicore/home/nimwegen/bojani0000/20260806-dna-rna-deconvolution-pipeline/breseq_strain_assignment_pipeline/OUTPUT_breseq_assignment/fastq/B8-DAY1_S39/C5.strict_R1.fastq.gz,/scicore/home/nimwegen/bojani0000/20260806-dna-rna-deconvolution-pipeline/breseq_strain_assignment_pipeline/OUTPUT_breseq_assignment/fastq/B8-DAY1_S39/C5.strict_R2.fastq.gz,CHL,"['K12', 'B8', 'D2', 'C5', 'H1', 'D5']",1,B8
61,B8-DAY1_S39,C5,/scicore/home/nimwegen/bojani0000/Gene_clustering_algorithms/pan-genome-analysis/data/E_coli_backup4/input_GenBank/C5_pilon_round_4_annotated.gbk,permissive,/scicore/home/nimwegen/bojani0000/20260806-dna-rna-deconvolution-pipeline/breseq_strain_assignment_pipeline/OUTPUT_breseq_assignment/fastq/B8-DAY1_S39/C5.permissive_R1.fastq.gz,/scicore/home/nimwegen/bojani0000/20260806-dna-rna-deconvolution-pipeline/breseq_strain_assignment_pipeline/OUTPUT_breseq_assignment/fastq/B8-DAY1_S39/C5.permissive_R2.fastq.gz,CHL,"['K12', 'B8', 'D2', 'C5', 'H1', 'D5']",1,B8
62,C1-DAY1_S41,B8,/scicore/home/nimwegen/bojani0000/Gene_clustering_algorithms/pan-genome-analysis/data/E_coli_backup4/input_GenBank/B8_pilon_round_4_annotated.gbk,strict,/scicore/home/nimwegen/bojani0000/20260806-dna-rna-deconvolution-pipeline/breseq_strain_assignment_pipeline/OUTPUT_breseq_assignment/fastq/C1-DAY1_S41/B8.strict_R1.fastq.gz,/scicore/home/nimwegen/bojani0000/20260806-dna-rna-deconvolution-pipeline/breseq_strain_assignment_pipeline/OUTPUT_breseq_assignment/fastq/C1-DAY1_S41/B8.strict_R2.fastq.gz,CHL,"['B8', 'E3']",1,C1
63,C1-DAY1_S41,B8,/scicore/home/nimwegen/bojani0000/Gene_clustering_algorithms/pan-genome-analysis/data/E_coli_backup4/input_GenBank/B8_pilon_round_4_annotated.gbk,permissive,/scicore/home/nimwegen/bojani0000/20260806-dna-rna-deconvolution-pipeline/breseq_strain_assignment_pipeline/OUTPUT_breseq_assignment/fastq/C1-DAY1_S41/B8.permissive_R1.fastq.gz,/scicore/home/nimwegen/bojani0000/20260806-dna-rna-deconvolution-pipeline/breseq_strain_assignment_pipeline/OUTPUT_breseq_assignment/fastq/C1-DAY1_S41/B8.permissive_R2.fastq.gz,CHL,"['B8', 'E3']",1,C1
64,C1-DAY1_S41,E3,/scicore/home/nimwegen/bojani0000/Gene_clustering_algorithms/pan-genome-analysis/data/E_coli_backup4/input_GenBank/E3_pilon_round_4_annotated.gbk,strict,/scicore/home/nimwegen/bojani0000/20260806-dna-rna-deconvolution-pipeline/breseq_strain_assignment_pipeline/OUTPUT_breseq_assignment/fastq/C1-DAY1_S41/E3.strict_R1.fastq.gz,/scicore/home/nimwegen/bojani0000/20260806-dna-rna-deconvolution-pipeline/breseq_strain_assignment_pipeline/OUTPUT_breseq_assignment/fastq/C1-DAY1_S41/E3.strict_R2.fastq.gz,CHL,"['B8', 'E3']",1,C1
65,C1-DAY1_S41,E3,/scicore/home/nimwegen/bojani0000/Gene_clustering_algorithms/pan-genome-analysis/data/E_coli_backup4/input_GenBank/E3_pilon_round_4_annotated.gbk,permissive,/scicore/home/nimwegen/bojani0000/20260806-dna-rna-deconvolution-pipeline/breseq_strain_assignment_pipeline/OUTPUT_breseq_assignment/fastq/C1-DAY1_S41/E3.permissive_R1.fastq.gz,/scicore/home/nimwegen/bojani0000/20260806-dna-rna-deconvolution-pipeline/breseq_strain_assignment_pipeline/OUTPUT_breseq_assignment/fastq/C1-DAY1_S41/E3.permissive_R2.fastq.gz,CHL,"['B8', 'E3']",1,C1
66,C2-DAY1_S43,C5,/scicore/home/nimwegen/bojani0000/Gene_clustering_algorithms/pan-genome-analysis/data/E_coli_backup4/input_GenBank/C5_pilon_round_4_annotated.gbk,strict,/scicore/home/nimwegen/bojani0000/20260806-dna-rna-deconvolution-pipeline/breseq_strain_assignment_pipeline/OUTPUT_breseq_assignment/fastq/C2-DAY1_S43/C5.strict_R1.fastq.gz,/scicore/home/nimwegen/bojani0000/20260806-dna-rna-deconvolution-pipeline/breseq_strain_assignment_pipeline/OUTPUT_breseq_assignment/fastq/C2-DAY1_S43/C5.strict_R2.fastq.gz,CHL,"['C5', 'E3']",1,C2
67,C2-DAY1_S43,C5,/scicore/home/nimwegen/bojani0000/Gene_clustering_algorithms/pan-genome-analysis/data/E_coli_backup4/input_GenBank/C5_pilon_round_4_annotated.gbk,permissive,/scicore/home/nimwegen/bojani0000/20260806-dna-rna-deconvolution-pipeline/breseq_strain_assignment_pipeline/OUTPUT_breseq_assignment/fastq/C2-DAY1_S43/C5.permissive_R1.fastq.gz,/scicore/home/nimwegen/bojani0000/20260806-dna-rna-deconvolution-pipeline/breseq_strain_assignment_pipeline/OUTPUT_breseq_assignment/fastq/C2-DAY1_S43/C5.permissive_R2.fastq.gz,CHL,"['C5', 'E3']",1,C2
68,C2-DAY1_S43,E3,/scicore/home/nimwegen/bojani0000/Gene_clustering_algorithms/pan-genome-analysis/data/E_coli_backup4/input_GenBank/E3_pilon_round_4_annotated.gbk,strict,/scicore/home/nimwegen/bojani0000/20260806-dna-rna-deconvolution-pipeline/breseq_strain_assignment_pipeline/OUTPUT_breseq_assignment/fastq/C2-DAY1_S43/E3.strict_R1.fastq.gz,/scicore/home/nimwegen/bojani0000/20260806-dna-rna-deconvolution-pipeline/breseq_strain_assignment_pipeline/OUTPUT_breseq_assignment/fastq/C2-DAY1_S43/E3.strict_R2.fastq.gz,CHL,"['C5', 'E3']",1,C2
69,C2-DAY1_S43,E3,/scicore/home/nimwegen/bojani0000/Gene_clustering_algorithms/pan-genome-analysis/data/E_coli_backup4/input_GenBank/E3_pilon_round_4_annotated.gbk,permissive,/scicore/home/nimwegen/bojani0000/20260806-dna-rna-deconvolution-pipeline/breseq_strain_assignment_pipeline/OUTPUT_breseq_assignment/fastq/C2-DAY1_S43/E3.permissive_R1.fastq.gz,/scicore/home/nimwegen/bojani0000/20260806-dna-rna-deconvolution-pipeline/breseq_strain_assignment_pipeline/OUTPUT_breseq_assignment/fastq/C2-DAY1_S43/E3.permissive_R2.fastq.gz,CHL,"['C5', 'E3']",1,C2
70,C3-DAY1_S45,D2,/scicore/home/nimwegen/bojani0000/Gene_clustering_algorithms/pan-genome-analysis/data/E_coli_backup4/input_GenBank/D2_pilon_round_4_annotated.gbk,strict,/scicore/home/nimwegen/bojani0000/20260806-dna-rna-deconvolution-pipeline/breseq_strain_assignment_pipeline/OUTPUT_breseq_assignment/fastq/C3-DAY1_S45/D2.strict_R1.fastq.gz,/scicore/home/nimwegen/bojani0000/20260806-dna-rna-deconvolution-pipeline/breseq_strain_assignment_pipeline/OUTPUT_breseq_assignment/fastq/C3-DAY1_S45/D2.strict_R2.fastq.gz,CHL,"['D2', 'E3']",1,C3
71,C3-DAY1_S45,D2,/scicore/home/nimwegen/bojani0000/Gene_clustering_algorithms/pan-genome-analysis/data/E_coli_backup4/input_GenBank/D2_pilon_round_4_annotated.gbk,permissive,/scicore/home/nimwegen/bojani0000/20260806-dna-rna-deconvolution-pipeline/breseq_strain_assignment_pipeline/OUTPUT_breseq_assignment/fastq/C3-DAY1_S45/D2.permissive_R1.fastq.gz,/scicore/home/nimwegen/bojani0000/20260806-dna-rna-deconvolution-pipeline/breseq_strain_assignment_pipeline/OUTPUT_breseq_assignment/fastq/C3-DAY1_S45/D2.permissive_R2.fastq.gz,CHL,"['D2', 'E3']",1,C3
72,C3-DAY1_S45,E3,/scicore/home/nimwegen/bojani0000/Gene_clustering_algorithms/pan-genome-analysis/data/E_coli_backup4/input_GenBank/E3_pilon_round_4_annotated.gbk,strict,/scicore/home/nimwegen/bojani0000/20260806-dna-rna-deconvolution-pipeline/breseq_strain_assignment_pipeline/OUTPUT_breseq_assignment/fastq/C3-DAY1_S45/E3.strict_R1.fastq.gz,/scicore/home/nimwegen/bojani0000/20260806-dna-rna-deconvolution-pipeline/breseq_strain_assignment_pipeline/OUTPUT_breseq_assignment/fastq/C3-DAY1_S45/E3.strict_R2.fastq.gz,CHL,"['D2', 'E3']",1,C3
73,C3-DAY1_S45,E3,/scicore/home/nimwegen/bojani0000/Gene_clustering_algorithms/pan-genome-analysis/data/E_coli_backup4/input_GenBank/E3_pilon_round_4_annotated.gbk,permissive,/scicore/home/nimwegen/bojani0000/20260806-dna-rna-deconvolution-pipeline/breseq_strain_assignment_pipeline/OUTPUT_breseq_assignment/fastq/C3-DAY1_S45/E3.permissive_R1.fastq.gz,/scicore/home/nimwegen/bojani0000/20260806-dna-rna-deconvolution-pipeline/breseq_strain_assignment_pipeline/OUTPUT_breseq_assignment/fastq/C3-DAY1_S45/E3.permissive_R2.fastq.gz,CHL,"['D2', 'E3']",1,C3
74,C4-DAY1_S47,D5,/scicore/home/nimwegen/bojani0000/Gene_clustering_algorithms/pan-genome-analysis/data/E_coli_backup4/input_GenBank/D5_pilon_round_4_annotated.gbk,strict,/scicore/home/nimwegen/bojani0000/20260806-dna-rna-deconvolution-pipeline/breseq_strain_assignment_pipeline/OUTPUT_breseq_assignment/fastq/C4-DAY1_S47/D5.strict_R1.fastq.gz,/scicore/home/nimwegen/bojani0000/20260806-dna-rna-deconvolution-pipeline/breseq_strain_assignment_pipeline/OUTPUT_breseq_assignment/fastq/C4-DAY1_S47/D5.strict_R2.fastq.gz,CHL,"['D5', 'E3']",1,C4
75,C4-DAY1_S47,D5,/scicore/home/nimwegen/bojani0000/Gene_clustering_algorithms/pan-genome-analysis/data/E_coli_backup4/input_GenBank/D5_pilon_round_4_annotated.gbk,permissive,/scicore/home/nimwegen/bojani0000/20260806-dna-rna-deconvolution-pipeline/breseq_strain_assignment_pipeline/OUTPUT_breseq_assignment/fastq/C4-DAY1_S47/D5.permissive_R1.fastq.gz,/scicore/home/nimwegen/bojani0000/20260806-dna-rna-deconvolution-pipeline/breseq_strain_assignment_pipeline/OUTPUT_breseq_assignment/fastq/C4-DAY1_S47/D5.permissive_R2.fastq.gz,CHL,"['D5', 'E3']",1,C4
76,C4-DAY1_S47,E3,/scicore/home/nimwegen/bojani0000/Gene_clustering_algorithms/pan-genome-analysis/data/E_coli_backup4/input_GenBank/E3_pilon_round_4_annotated.gbk,strict,/scicore/home/nimwegen/bojani0000/20260806-dna-rna-deconvolution-pipeline/breseq_strain_assignment_pipeline/OUTPUT_breseq_assignment/fastq/C4-DAY1_S47/E3.strict_R1.fastq.gz,/scicore/home/nimwegen/bojani0000/20260806-dna-rna-deconvolution-pipeline/breseq_strain_assignment_pipeline/OUTPUT_breseq_assignment/fastq/C4-DAY1_S47/E3.strict_R2.fastq.gz,CHL,"['D5', 'E3']",1,C4
77,C4-DAY1_S47,E3,/scicore/home/nimwegen/bojani0000/Gene_clustering_algorithms/pan-genome-analysis/data/E_coli_backup4/input_GenBank/E3_pilon_round_4_annotated.gbk,permissive,/scicore/home/nimwegen/bojani0000/20260806-dna-rna-deconvolution-pipeline/breseq_strain_assignment_pipeline/OUTPUT_breseq_assignment/fastq/C4-DAY1_S47/E3.permissive_R1.fastq.gz,/scicore/home/nimwegen/bojani0000/20260806-dna-rna-deconvolution-pipeline/breseq_strain_assignment_pipeline/OUTPUT_breseq_assignment/fastq/C4-DAY1_S47/E3.permissive_R2.fastq.gz,CHL,"['D5', 'E3']",1,C4
78,C6-DAY1_S50,B8,/scicore/home/nimwegen/bojani0000/Gene_clustering_algorithms/pan-genome-analysis/data/E_coli_backup4/input_GenBank/B8_pilon_round_4_annotated.gbk,strict,/scicore/home/nimwegen/bojani0000/20260806-dna-rna-deconvolution-pipeline/breseq_strain_assignment_pipeline/OUTPUT_breseq_assignment/fastq/C6-DAY1_S50/B8.strict_R1.fastq.gz,/scicore/home/nimwegen/bojani0000/20260806-dna-rna-deconvolution-pipeline/breseq_strain_assignment_pipeline/OUTPUT_breseq_assignment/fastq/C6-DAY1_S50/B8.strict_R2.fastq.gz,CHL,"['K12', 'B8', 'D2', 'C5', 'D5', 'E3']",1,C6
79,C6-DAY1_S50,B8,/scicore/home/nimwegen/bojani0000/Gene_clustering_algorithms/pan-genome-analysis/data/E_coli_backup4/input_GenBank/B8_pilon_round_4_annotated.gbk,permissive,/scicore/home/nimwegen/bojani0000/20260806-dna-rna-deconvolution-pipeline/breseq_strain_assignment_pipeline/OUTPUT_breseq_assignment/fastq/C6-DAY1_S50/B8.permissive_R1.fastq.gz,/scicore/home/nimwegen/bojani0000/20260806-dna-rna-deconvolution-pipeline/breseq_strain_assignment_pipeline/OUTPUT_breseq_assignment/fastq/C6-DAY1_S50/B8.permissive_R2.fastq.gz,CHL,"['K12', 'B8', 'D2', 'C5', 'D5', 'E3']",1,C6
80,C6-DAY1_S50,C5,/scicore/home/nimwegen/bojani0000/Gene_clustering_algorithms/pan-genome-analysis/data/E_coli_backup4/input_GenBank/C5_pilon_round_4_annotated.gbk,strict,/scicore/home/nimwegen/bojani0000/20260806-dna-rna-deconvolution-pipeline/breseq_strain_assignment_pipeline/OUTPUT_breseq_assignment/fastq/C6-DAY1_S50/C5.strict_R1.fastq.gz,/scicore/home/nimwegen/bojani0000/20260806-dna-rna-deconvolution-pipeline/breseq_strain_assignment_pipeline/OUTPUT_breseq_assignment/fastq/C6-DAY1_S50/C5.strict_R2.fastq.gz,CHL,"['K12', 'B8', 'D2', 'C5', 'D5', 'E3']",1,C6
81,C6-DAY1_S50,C5,/scicore/home/nimwegen/bojani0000/Gene_clustering_algorithms/pan-genome-analysis/data/E_coli_backup4/input_GenBank/C5_pilon_round_4_annotated.gbk,permissive,/scicore/home/nimwegen/bojani0000/20260806-dna-rna-deconvolution-pipeline/breseq_strain_assignment_pipeline/OUTPUT_breseq_assignment/fastq/C6-DAY1_S50/C5.permissive_R1.fastq.gz,/scicore/home/nimwegen/bojani0000/20260806-dna-rna-deconvolution-pipeline/breseq_strain_assignment_pipeline/OUTPUT_breseq_assignment/fastq/C6-DAY1_S50/C5.permissive_R2.fastq.gz,CHL,"['K12', 'B8', 'D2', 'C5', 'D5', 'E3']",1,C6
82,C6-DAY1_S50,E3,/scicore/home/nimwegen/bojani0000/Gene_clustering_algorithms/pan-genome-analysis/data/E_coli_backup4/input_GenBank/E3_pilon_round_4_annotated.gbk,strict,/scicore/home/nimwegen/bojani0000/20260806-dna-rna-deconvolution-pipeline/breseq_strain_assignment_pipeline/OUTPUT_breseq_assignment/fastq/C6-DAY1_S50/E3.strict_R1.fastq.gz,/scicore/home/nimwegen/bojani0000/20260806-dna-rna-deconvolution-pipeline/breseq_strain_assignment_pipeline/OUTPUT_breseq_assignment/fastq/C6-DAY1_S50/E3.strict_R2.fastq.gz,CHL,"['K12', 'B8', 'D2', 'C5', 'D5', 'E3']",1,C6
83,C6-DAY1_S50,E3,/scicore/home/nimwegen/bojani0000/Gene_clustering_algorithms/pan-genome-analysis/data/E_coli_backup4/input_GenBank/E3_pilon_round_4_annotated.gbk,permissive,/scicore/home/nimwegen/bojani0000/20260806-dna-rna-deconvolution-pipeline/breseq_strain_assignment_pipeline/OUTPUT_breseq_assignment/fastq/C6-DAY1_S50/E3.permissive_R1.fastq.gz,/scicore/home/nimwegen/bojani0000/20260806-dna-rna-deconvolution-pipeline/breseq_strain_assignment_pipeline/OUTPUT_breseq_assignment/fastq/C6-DAY1_S50/E3.permissive_R2.fastq.gz,CHL,"['K12', 'B8', 'D2', 'C5', 'D5', 'E3']",1,C6
84,C7-DAY1_S51,B8,/scicore/home/nimwegen/bojani0000/Gene_clustering_algorithms/pan-genome-analysis/data/E_coli_backup4/input_GenBank/B8_pilon_round_4_annotated.gbk,strict,/scicore/home/nimwegen/bojani0000/20260806-dna-rna-deconvolution-pipeline/breseq_strain_assignment_pipeline/OUTPUT_breseq_assignment/fastq/C7-DAY1_S51/B8.strict_R1.fastq.gz,/scicore/home/nimwegen/bojani0000/20260806-dna-rna-deconvolution-pipeline/breseq_strain_assignment_pipeline/OUTPUT_breseq_assignment/fastq/C7-DAY1_S51/B8.strict_R2.fastq.gz,CHL,"['B8', 'D2', 'C5', 'H1', 'D5', 'E3']",1,C7
85,C7-DAY1_S51,B8,/scicore/home/nimwegen/bojani0000/Gene_clustering_algorithms/pan-genome-analysis/data/E_coli_backup4/input_GenBank/B8_pilon_round_4_annotated.gbk,permissive,/scicore/home/nimwegen/bojani0000/20260806-dna-rna-deconvolution-pipeline/breseq_strain_assignment_pipeline/OUTPUT_breseq_assignment/fastq/C7-DAY1_S51/B8.permissive_R1.fastq.gz,/scicore/home/nimwegen/bojani0000/20260806-dna-rna-deconvolution-pipeline/breseq_strain_assignment_pipeline/OUTPUT_breseq_assignment/fastq/C7-DAY1_S51/B8.permissive_R2.fastq.gz,CHL,"['B8', 'D2', 'C5', 'H1', 'D5', 'E3']",1,C7
86,C7-DAY1_S51,C5,/scicore/home/nimwegen/bojani0000/Gene_clustering_algorithms/pan-genome-analysis/data/E_coli_backup4/input_GenBank/C5_pilon_round_4_annotated.gbk,strict,/scicore/home/nimwegen/bojani0000/20260806-dna-rna-deconvolution-pipeline/breseq_strain_assignment_pipeline/OUTPUT_breseq_assignment/fastq/C7-DAY1_S51/C5.strict_R1.fastq.gz,/scicore/home/nimwegen/bojani0000/20260806-dna-rna-deconvolution-pipeline/breseq_strain_assignment_pipeline/OUTPUT_breseq_assignment/fastq/C7-DAY1_S51/C5.strict_R2.fastq.gz,CHL,"['B8', 'D2', 'C5', 'H1', 'D5', 'E3']",1,C7
87,C7-DAY1_S51,C5,/scicore/home/nimwegen/bojani0000/Gene_clustering_algorithms/pan-genome-analysis/data/E_coli_backup4/input_GenBank/C5_pilon_round_4_annotated.gbk,permissive,/scicore/home/nimwegen/bojani0000/20260806-dna-rna-deconvolution-pipeline/breseq_strain_assignment_pipeline/OUTPUT_breseq_assignment/fastq/C7-DAY1_S51/C5.permissive_R1.fastq.gz,/scicore/home/nimwegen/bojani0000/20260806-dna-rna-deconvolution-pipeline/breseq_strain_assignment_pipeline/OUTPUT_breseq_assignment/fastq/C7-DAY1_S51/C5.permissive_R2.fastq.gz,CHL,"['B8', 'D2', 'C5', 'H1', 'D5', 'E3']",1,C7
88,C7-DAY1_S51,E3,/scicore/home/nimwegen/bojani0000/Gene_clustering_algorithms/pan-genome-analysis/data/E_coli_backup4/input_GenBank/E3_pilon_round_4_annotated.gbk,strict,/scicore/home/nimwegen/bojani0000/20260806-dna-rna-deconvolution-pipeline/breseq_strain_assignment_pipeline/OUTPUT_breseq_assignment/fastq/C7-DAY1_S51/E3.strict_R1.fastq.gz,/scicore/home/nimwegen/bojani0000/20260806-dna-rna-deconvolution-pipeline/breseq_strain_assignment_pipeline/OUTPUT_breseq_assignment/fastq/C7-DAY1_S51/E3.strict_R2.fastq.gz,CHL,"['B8', 'D2', 'C5', 'H1', 'D5', 'E3']",1,C7
89,C7-DAY1_S51,E3,/scicore/home/nimwegen/bojani0000/Gene_clustering_algorithms/pan-genome-analysis/data/E_coli_backup4/input_GenBank/E3_pilon_round_4_annotated.gbk,permissive,/scicore/home/nimwegen/bojani0000/20260806-dna-rna-deconvolution-pipeline/breseq_strain_assignment_pipeline/OUTPUT_breseq_assignment/fastq/C7-DAY1_S51/E3.permissive_R1.fastq.gz,/scicore/home/nimwegen/bojani0000/20260806-dna-rna-deconvolution-pipeline/breseq_strain_assignment_pipeline/OUTPUT_breseq_assignment/fastq/C7-DAY1_S51/E3.permissive_R2.fastq.gz,CHL,"['B8', 'D2', 'C5', 'H1', 'D5', 'E3']",1,C7
90,C8-DAY1_S53,B8,/scicore/home/nimwegen/bojani0000/Gene_clustering_algorithms/pan-genome-analysis/data/E_coli_backup4/input_GenBank/B8_pilon_round_4_annotated.gbk,strict,/scicore/home/nimwegen/bojani0000/20260806-dna-rna-deconvolution-pipeline/breseq_strain_assignment_pipeline/OUTPUT_breseq_assignment/fastq/C8-DAY1_S53/B8.strict_R1.fastq.gz,/scicore/home/nimwegen/bojani0000/20260806-dna-rna-deconvolution-pipeline/breseq_strain_assignment_pipeline/OUTPUT_breseq_assignment/fastq/C8-DAY1_S53/B8.strict_R2.fastq.gz,GLU,"['K12', 'B8', 'D2', 'C5', 'H1', 'D5', 'E3']",1,C8
91,C8-DAY1_S53,B8,/scicore/home/nimwegen/bojani0000/Gene_clustering_algorithms/pan-genome-analysis/data/E_coli_backup4/input_GenBank/B8_pilon_round_4_annotated.gbk,permissive,/scicore/home/nimwegen/bojani0000/20260806-dna-rna-deconvolution-pipeline/breseq_strain_assignment_pipeline/OUTPUT_breseq_assignment/fastq/C8-DAY1_S53/B8.permissive_R1.fastq.gz,/scicore/home/nimwegen/bojani0000/20260806-dna-rna-deconvolution-pipeline/breseq_strain_assignment_pipeline/OUTPUT_breseq_assignment/fastq/C8-DAY1_S53/B8.permissive_R2.fastq.gz,GLU,"['K12', 'B8', 'D2', 'C5', 'H1', 'D5', 'E3']",1,C8
92,C8-DAY1_S53,D2,/scicore/home/nimwegen/bojani0000/Gene_clustering_algorithms/pan-genome-analysis/data/E_coli_backup4/input_GenBank/D2_pilon_round_4_annotated.gbk,strict,/scicore/home/nimwegen/bojani0000/20260806-dna-rna-deconvolution-pipeline/breseq_strain_assignment_pipeline/OUTPUT_breseq_assignment/fastq/C8-DAY1_S53/D2.strict_R1.fastq.gz,/scicore/home/nimwegen/bojani0000/20260806-dna-rna-deconvolution-pipeline/breseq_strain_assignment_pipeline/OUTPUT_breseq_assignment/fastq/C8-DAY1_S53/D2.strict_R2.fastq.gz,GLU,"['K12', 'B8', 'D2', 'C5', 'H1', 'D5', 'E3']",1,C8
93,C8-DAY1_S53,D2,/scicore/home/nimwegen/bojani0000/Gene_clustering_algorithms/pan-genome-analysis/data/E_coli_backup4/input_GenBank/D2_pilon_round_4_annotated.gbk,permissive,/scicore/home/nimwegen/bojani0000/20260806-dna-rna-deconvolution-pipeline/breseq_strain_assignment_pipeline/OUTPUT_breseq_assignment/fastq/C8-DAY1_S53/D2.permissive_R1.fastq.gz,/scicore/home/nimwegen/bojani0000/20260806-dna-rna-deconvolution-pipeline/breseq_strain_assignment_pipeline/OUTPUT_breseq_assignment/fastq/C8-DAY1_S53/D2.permissive_R2.fastq.gz,GLU,"['K12', 'B8', 'D2', 'C5', 'H1', 'D5', 'E3']",1,C8
94,C8-DAY1_S53,E3,/scicore/home/nimwegen/bojani0000/Gene_clustering_algorithms/pan-genome-analysis/data/E_coli_backup4/input_GenBank/E3_pilon_round_4_annotated.gbk,strict,/scicore/home/nimwegen/bojani0000/20260806-dna-rna-deconvolution-pipeline/breseq_strain_assignment_pipeline/OUTPUT_breseq_assignment/fastq/C8-DAY1_S53/E3.strict_R1.fastq.gz,/scicore/home/nimwegen/bojani0000/20260806-dna-rna-deconvolution-pipeline/breseq_strain_assignment_pipeline/OUTPUT_breseq_assignment/fastq/C8-DAY1_S53/E3.strict_R2.fastq.gz,GLU,"['K12', 'B8', 'D2', 'C5', 'H1', 'D5', 'E3']",1,C8
95,C8-DAY1_S53,E3,/scicore/home/nimwegen/bojani0000/Gene_clustering_algorithms/pan-genome-analysis/data/E_coli_backup4/input_GenBank/E3_pilon_round_4_annotated.gbk,permissive,/scicore/home/nimwegen/bojani0000/20260806-dna-rna-deconvolution-pipeline/breseq_strain_assignment_pipeline/OUTPUT_breseq_assignment/fastq/C8-DAY1_S53/E3.permissive_R1.fastq.gz,/scicore/home/nimwegen/bojani0000/20260806-dna-rna-deconvolution-pipeline/breseq_strain_assignment_pipeline/OUTPUT_breseq_assignment/fastq/C8-DAY1_S53/E3.permissive_R2.fastq.gz,GLU,"['K12', 'B8', 'D2', 'C5', 'H1', 'D5', 'E3']",1,C8
96,D1-DAY1_S56,D5,/scicore/home/nimwegen/bojani0000/Gene_clustering_algorithms/pan-genome-analysis/data/E_coli_backup4/input_GenBank/D5_pilon_round_4_annotated.gbk,strict,/scicore/home/nimwegen/bojani0000/20260806-dna-rna-deconvolution-pipeline/breseq_strain_assignment_pipeline/OUTPUT_breseq_assignment/fastq/D1-DAY1_S56/D5.strict_R1.fastq.gz,/scicore/home/nimwegen/bojani0000/20260806-dna-rna-deconvolution-pipeline/breseq_strain_assignment_pipeline/OUTPUT_breseq_assignment/fastq/D1-DAY1_S56/D5.strict_R2.fastq.gz,CHL,"['B8', 'D5']",1,D1
97,D1-DAY1_S56,D5,/scicore/home/nimwegen/bojani0000/Gene_clustering_algorithms/pan-genome-analysis/data/E_coli_backup4/input_GenBank/D5_pilon_round_4_annotated.gbk,permissive,/scicore/home/nimwegen/bojani0000/20260806-dna-rna-deconvolution-pipeline/breseq_strain_assignment_pipeline/OUTPUT_breseq_assignment/fastq/D1-DAY1_S56/D5.permissive_R1.fastq.gz,/scicore/home/nimwegen/bojani0000/20260806-dna-rna-deconvolution-pipeline/breseq_strain_assignment_pipeline/OUTPUT_breseq_assignment/fastq/D1-DAY1_S56/D5.permissive_R2.fastq.gz,CHL,"['B8', 'D5']",1,D1
98,D2-DAY1_S58,C5,/scicore/home/nimwegen/bojani0000/Gene_clustering_algorithms/pan-genome-analysis/data/E_coli_backup4/input_GenBank/C5_pilon_round_4_annotated.gbk,strict,/scicore/home/nimwegen/bojani0000/20260806-dna-rna-deconvolution-pipeline/breseq_strain_assignment_pipeline/OUTPUT_breseq_assignment/fastq/D2-DAY1_S58/C5.strict_R1.fastq.gz,/scicore/home/nimwegen/bojani0000/20260806-dna-rna-deconvolution-pipeline/breseq_strain_assignment_pipeline/OUTPUT_breseq_assignment/fastq/D2-DAY1_S58/C5.strict_R2.fastq.gz,CHL,"['C5', 'D5']",1,D2
99,D2-DAY1_S58,C5,/scicore/home/nimwegen/bojani0000/Gene_clustering_algorithms/pan-genome-analysis/data/E_coli_backup4/input_GenBank/C5_pilon_round_4_annotated.gbk,permissive,/scicore/home/nimwegen/bojani0000/20260806-dna-rna-deconvolution-pipeline/breseq_strain_assignment_pipeline/OUTPUT_breseq_assignment/fastq/D2-DAY1_S58/C5.permissive_R1.fastq.gz,/scicore/home/nimwegen/bojani0000/20260806-dna-rna-deconvolution-pipeline/breseq_strain_assignment_pipeline/OUTPUT_breseq_assignment/fastq/D2-DAY1_S58/C5.permissive_R2.fastq.gz,CHL,"['C5', 'D5']",1,D2
100,D3-DAY1_S61,D5,/scicore/home/nimwegen/bojani0000/Gene_clustering_algorithms/pan-genome-analysis/data/E_coli_backup4/input_GenBank/D5_pilon_round_4_annotated.gbk,strict,/scicore/home/nimwegen/bojani0000/20260806-dna-rna-deconvolution-pipeline/breseq_strain_assignment_pipeline/OUTPUT_breseq_assignment/fastq/D3-DAY1_S61/D5.strict_R1.fastq.gz,/scicore/home/nimwegen/bojani0000/20260806-dna-rna-deconvolution-pipeline/breseq_strain_assignment_pipeline/OUTPUT_breseq_assignment/fastq/D3-DAY1_S61/D5.strict_R2.fastq.gz,CHL,"['D2', 'D5']",1,D3
101,D3-DAY1_S61,D5,/scicore/home/nimwegen/bojani0000/Gene_clustering_algorithms/pan-genome-analysis/data/E_coli_backup4/input_GenBank/D5_pilon_round_4_annotated.gbk,permissive,/scicore/home/nimwegen/bojani0000/20260806-dna-rna-deconvolution-pipeline/breseq_strain_assignment_pipeline/OUTPUT_breseq_assignment/fastq/D3-DAY1_S61/D5.permissive_R1.fastq.gz,/scicore/home/nimwegen/bojani0000/20260806-dna-rna-deconvolution-pipeline/breseq_strain_assignment_pipeline/OUTPUT_breseq_assignment/fastq/D3-DAY1_S61/D5.permissive_R2.fastq.gz,CHL,"['D2', 'D5']",1,D3
102,D5-DAY1_S64,B8,/scicore/home/nimwegen/bojani0000/Gene_clustering_algorithms/pan-genome-analysis/data/E_coli_backup4/input_GenBank/B8_pilon_round_4_annotated.gbk,strict,/scicore/home/nimwegen/bojani0000/20260806-dna-rna-deconvolution-pipeline/breseq_strain_assignment_pipeline/OUTPUT_breseq_assignment/fastq/D5-DAY1_S64/B8.strict_R1.fastq.gz,/scicore/home/nimwegen/bojani0000/20260806-dna-rna-deconvolution-pipeline/breseq_strain_assignment_pipeline/OUTPUT_breseq_assignment/fastq/D5-DAY1_S64/B8.strict_R2.fastq.gz,NACL,"['K12', 'B8', 'D2', 'C5', 'H1', 'D5', 'E3']",1,D5
103,D5-DAY1_S64,B8,/scicore/home/nimwegen/bojani0000/Gene_clustering_algorithms/pan-genome-analysis/data/E_coli_backup4/input_GenBank/B8_pilon_round_4_annotated.gbk,permissive,/scicore/home/nimwegen/bojani0000/20260806-dna-rna-deconvolution-pipeline/breseq_strain_assignment_pipeline/OUTPUT_breseq_assignment/fastq/D5-DAY1_S64/B8.permissive_R1.fastq.gz,/scicore/home/nimwegen/bojani0000/20260806-dna-rna-deconvolution-pipeline/breseq_strain_assignment_pipeline/OUTPUT_breseq_assignment/fastq/D5-DAY1_S64/B8.permissive_R2.fastq.gz,NACL,"['K12', 'B8', 'D2', 'C5', 'H1', 'D5', 'E3']",1,D5
104,D5-DAY1_S64,D2,/scicore/home/nimwegen/bojani0000/Gene_clustering_algorithms/pan-genome-analysis/data/E_coli_backup4/input_GenBank/D2_pilon_round_4_annotated.gbk,strict,/scicore/home/nimwegen/bojani0000/20260806-dna-rna-deconvolution-pipeline/breseq_strain_assignment_pipeline/OUTPUT_breseq_assignment/fastq/D5-DAY1_S64/D2.strict_R1.fastq.gz,/scicore/home/nimwegen/bojani0000/20260806-dna-rna-deconvolution-pipeline/breseq_strain_assignment_pipeline/OUTPUT_breseq_assignment/fastq/D5-DAY1_S64/D2.strict_R2.fastq.gz,NACL,"['K12', 'B8', 'D2', 'C5', 'H1', 'D5', 'E3']",1,D5
105,D5-DAY1_S64,D2,/scicore/home/nimwegen/bojani0000/Gene_clustering_algorithms/pan-genome-analysis/data/E_coli_backup4/input_GenBank/D2_pilon_round_4_annotated.gbk,permissive,/scicore/home/nimwegen/bojani0000/20260806-dna-rna-deconvolution-pipeline/breseq_strain_assignment_pipeline/OUTPUT_breseq_assignment/fastq/D5-DAY1_S64/D2.permissive_R1.fastq.gz,/scicore/home/nimwegen/bojani0000/20260806-dna-rna-deconvolution-pipeline/breseq_strain_assignment_pipeline/OUTPUT_breseq_assignment/fastq/D5-DAY1_S64/D2.permissive_R2.fastq.gz,NACL,"['K12', 'B8', 'D2', 'C5', 'H1', 'D5', 'E3']",1,D5
106,D5-DAY1_S64,H1,/scicore/home/nimwegen/bojani0000/Gene_clustering_algorithms/pan-genome-analysis/data/E_coli_backup4/input_GenBank/H1_pilon_round_4_annotated.gbk,strict,/scicore/home/nimwegen/bojani0000/20260806-dna-rna-deconvolution-pipeline/breseq_strain_assignment_pipeline/OUTPUT_breseq_assignment/fastq/D5-DAY1_S64/H1.strict_R1.fastq.gz,/scicore/home/nimwegen/bojani0000/20260806-dna-rna-deconvolution-pipeline/breseq_strain_assignment_pipeline/OUTPUT_breseq_assignment/fastq/D5-DAY1_S64/H1.strict_R2.fastq.gz,NACL,"['K12', 'B8', 'D2', 'C5', 'H1', 'D5', 'E3']",1,D5
107,D5-DAY1_S64,H1,/scicore/home/nimwegen/bojani0000/Gene_clustering_algorithms/pan-genome-analysis/data/E_coli_backup4/input_GenBank/H1_pilon_round_4_annotated.gbk,permissive,/scicore/home/nimwegen/bojani0000/20260806-dna-rna-deconvolution-pipeline/breseq_strain_assignment_pipeline/OUTPUT_breseq_assignment/fastq/D5-DAY1_S64/H1.permissive_R1.fastq.gz,/scicore/home/nimwegen/bojani0000/20260806-dna-rna-deconvolution-pipeline/breseq_strain_assignment_pipeline/OUTPUT_breseq_assignment/fastq/D5-DAY1_S64/H1.permissive_R2.fastq.gz,NACL,"['K12', 'B8', 'D2', 'C5', 'H1', 'D5', 'E3']",1,D5
108,D5-DAY1_S64,D5,/scicore/home/nimwegen/bojani0000/Gene_clustering_algorithms/pan-genome-analysis/data/E_coli_backup4/input_GenBank/D5_pilon_round_4_annotated.gbk,strict,/scicore/home/nimwegen/bojani0000/20260806-dna-rna-deconvolution-pipeline/breseq_strain_assignment_pipeline/OUTPUT_breseq_assignment/fastq/D5-DAY1_S64/D5.strict_R1.fastq.gz,/scicore/home/nimwegen/bojani0000/20260806-dna-rna-deconvolution-pipeline/breseq_strain_assignment_pipeline/OUTPUT_breseq_assignment/fastq/D5-DAY1_S64/D5.strict_R2.fastq.gz,NACL,"['K12', 'B8', 'D2', 'C5', 'H1', 'D5', 'E3']",1,D5
109,D5-DAY1_S64,D5,/scicore/home/nimwegen/bojani0000/Gene_clustering_algorithms/pan-genome-analysis/data/E_coli_backup4/input_GenBank/D5_pilon_round_4_annotated.gbk,permissive,/scicore/home/nimwegen/bojani0000/20260806-dna-rna-deconvolution-pipeline/breseq_strain_assignment_pipeline/OUTPUT_breseq_assignment/fastq/D5-DAY1_S64/D5.permissive_R1.fastq.gz,/scicore/home/nimwegen/bojani0000/20260806-dna-rna-deconvolution-pipeline/breseq_strain_assignment_pipeline/OUTPUT_breseq_assignment/fastq/D5-DAY1_S64/D5.permissive_R2.fastq.gz,NACL,"['K12', 'B8', 'D2', 'C5', 'H1', 'D5', 'E3']",1,D5
110,D6-DAY1_S68,B8,/scicore/home/nimwegen/bojani0000/Gene_clustering_algorithms/pan-genome-analysis/data/E_coli_backup4/input_GenBank/B8_pilon_round_4_annotated.gbk,strict,/scicore/home/nimwegen/bojani0000/20260806-dna-rna-deconvolution-pipeline/breseq_strain_assignment_pipeline/OUTPUT_breseq_assignment/fastq/D6-DAY1_S68/B8.strict_R1.fastq.gz,/scicore/home/nimwegen/bojani0000/20260806-dna-rna-deconvolution-pipeline/breseq_strain_assignment_pipeline/OUTPUT_breseq_assignment/fastq/D6-DAY1_S68/B8.strict_R2.fastq.gz,PH,"['K12', 'B8', 'D2', 'C5', 'H1', 'D5', 'E3']",1,D6
111,D6-DAY1_S68,B8,/scicore/home/nimwegen/bojani0000/Gene_clustering_algorithms/pan-genome-analysis/data/E_coli_backup4/input_GenBank/B8_pilon_round_4_annotated.gbk,permissive,/scicore/home/nimwegen/bojani0000/20260806-dna-rna-deconvolution-pipeline/breseq_strain_assignment_pipeline/OUTPUT_breseq_assignment/fastq/D6-DAY1_S68/B8.permissive_R1.fastq.gz,/scicore/home/nimwegen/bojani0000/20260806-dna-rna-deconvolution-pipeline/breseq_strain_assignment_pipeline/OUTPUT_breseq_assignment/fastq/D6-DAY1_S68/B8.permissive_R2.fastq.gz,PH,"['K12', 'B8', 'D2', 'C5', 'H1', 'D5', 'E3']",1,D6
112,D6-DAY1_S68,D2,/scicore/home/nimwegen/bojani0000/Gene_clustering_algorithms/pan-genome-analysis/data/E_coli_backup4/input_GenBank/D2_pilon_round_4_annotated.gbk,strict,/scicore/home/nimwegen/bojani0000/20260806-dna-rna-deconvolution-pipeline/breseq_strain_assignment_pipeline/OUTPUT_breseq_assignment/fastq/D6-DAY1_S68/D2.strict_R1.fastq.gz,/scicore/home/nimwegen/bojani0000/20260806-dna-rna-deconvolution-pipeline/breseq_strain_assignment_pipeline/OUTPUT_breseq_assignment/fastq/D6-DAY1_S68/D2.strict_R2.fastq.gz,PH,"['K12', 'B8', 'D2', 'C5', 'H1', 'D5', 'E3']",1,D6
113,D6-DAY1_S68,D2,/scicore/home/nimwegen/bojani0000/Gene_clustering_algorithms/pan-genome-analysis/data/E_coli_backup4/input_GenBank/D2_pilon_round_4_annotated.gbk,permissive,/scicore/home/nimwegen/bojani0000/20260806-dna-rna-deconvolution-pipeline/breseq_strain_assignment_pipeline/OUTPUT_breseq_assignment/fastq/D6-DAY1_S68/D2.permissive_R1.fastq.gz,/scicore/home/nimwegen/bojani0000/20260806-dna-rna-deconvolution-pipeline/breseq_strain_assignment_pipeline/OUTPUT_breseq_assignment/fastq/D6-DAY1_S68/D2.permissive_R2.fastq.gz,PH,"['K12', 'B8', 'D2', 'C5', 'H1', 'D5', 'E3']",1,D6
114,D6-DAY1_S68,C5,/scicore/home/nimwegen/bojani0000/Gene_clustering_algorithms/pan-genome-analysis/data/E_coli_backup4/input_GenBank/C5_pilon_round_4_annotated.gbk,strict,/scicore/home/nimwegen/bojani0000/20260806-dna-rna-deconvolution-pipeline/breseq_strain_assignment_pipeline/OUTPUT_breseq_assignment/fastq/D6-DAY1_S68/C5.strict_R1.fastq.gz,/scicore/home/nimwegen/bojani0000/20260806-dna-rna-deconvolution-pipeline/breseq_strain_assignment_pipeline/OUTPUT_breseq_assignment/fastq/D6-DAY1_S68/C5.strict_R2.fastq.gz,PH,"['K12', 'B8', 'D2', 'C5', 'H1', 'D5', 'E3']",1,D6
115,D6-DAY1_S68,C5,/scicore/home/nimwegen/bojani0000/Gene_clustering_algorithms/pan-genome-analysis/data/E_coli_backup4/input_GenBank/C5_pilon_round_4_annotated.gbk,permissive,/scicore/home/nimwegen/bojani0000/20260806-dna-rna-deconvolution-pipeline/breseq_strain_assignment_pipeline/OUTPUT_breseq_assignment/fastq/D6-DAY1_S68/C5.permissive_R1.fastq.gz,/scicore/home/nimwegen/bojani0000/20260806-dna-rna-deconvolution-pipeline/breseq_strain_assignment_pipeline/OUTPUT_breseq_assignment/fastq/D6-DAY1_S68/C5.permissive_R2.fastq.gz,PH,"['K12', 'B8', 'D2', 'C5', 'H1', 'D5', 'E3']",1,D6
116,D6-DAY1_S68,E3,/scicore/home/nimwegen/bojani0000/Gene_clustering_algorithms/pan-genome-analysis/data/E_coli_backup4/input_GenBank/E3_pilon_round_4_annotated.gbk,strict,/scicore/home/nimwegen/bojani0000/20260806-dna-rna-deconvolution-pipeline/breseq_strain_assignment_pipeline/OUTPUT_breseq_assignment/fastq/D6-DAY1_S68/E3.strict_R1.fastq.gz,/scicore/home/nimwegen/bojani0000/20260806-dna-rna-deconvolution-pipeline/breseq_strain_assignment_pipeline/OUTPUT_breseq_assignment/fastq/D6-DAY1_S68/E3.strict_R2.fastq.gz,PH,"['K12', 'B8', 'D2', 'C5', 'H1', 'D5', 'E3']",1,D6
117,D6-DAY1_S68,E3,/scicore/home/nimwegen/bojani0000/Gene_clustering_algorithms/pan-genome-analysis/data/E_coli_backup4/input_GenBank/E3_pilon_round_4_annotated.gbk,permissive,/scicore/home/nimwegen/bojani0000/20260806-dna-rna-deconvolution-pipeline/breseq_strain_assignment_pipeline/OUTPUT_breseq_assignment/fastq/D6-DAY1_S68/E3.permissive_R1.fastq.gz,/scicore/home/nimwegen/bojani0000/20260806-dna-rna-deconvolution-pipeline/breseq_strain_assignment_pipeline/OUTPUT_breseq_assignment/fastq/D6-DAY1_S68/E3.permissive_R2.fastq.gz,PH,"['K12', 'B8', 'D2', 'C5', 'H1', 'D5', 'E3']",1,D6
118,D7-DAY1_S70,B8,/scicore/home/nimwegen/bojani0000/Gene_clustering_algorithms/pan-genome-analysis/data/E_coli_backup4/input_GenBank/B8_pilon_round_4_annotated.gbk,strict,/scicore/home/nimwegen/bojani0000/20260806-dna-rna-deconvolution-pipeline/breseq_strain_assignment_pipeline/OUTPUT_breseq_assignment/fastq/D7-DAY1_S70/B8.strict_R1.fastq.gz,/scicore/home/nimwegen/bojani0000/20260806-dna-rna-deconvolution-pipeline/breseq_strain_assignment_pipeline/OUTPUT_breseq_assignment/fastq/D7-DAY1_S70/B8.strict_R2.fastq.gz,CHL,"['K12', 'B8', 'D2', 'C5', 'H1', 'D5', 'E3']",1,D7
119,D7-DAY1_S70,B8,/scicore/home/nimwegen/bojani0000/Gene_clustering_algorithms/pan-genome-analysis/data/E_coli_backup4/input_GenBank/B8_pilon_round_4_annotated.gbk,permissive,/scicore/home/nimwegen/bojani0000/20260806-dna-rna-deconvolution-pipeline/breseq_strain_assignment_pipeline/OUTPUT_breseq_assignment/fastq/D7-DAY1_S70/B8.permissive_R1.fastq.gz,/scicore/home/nimwegen/bojani0000/20260806-dna-rna-deconvolution-pipeline/breseq_strain_assignment_pipeline/OUTPUT_breseq_assignment/fastq/D7-DAY1_S70/B8.permissive_R2.fastq.gz,CHL,"['K12', 'B8', 'D2', 'C5', 'H1', 'D5', 'E3']",1,D7
120,D7-DAY1_S70,C5,/scicore/home/nimwegen/bojani0000/Gene_clustering_algorithms/pan-genome-analysis/data/E_coli_backup4/input_GenBank/C5_pilon_round_4_annotated.gbk,strict,/scicore/home/nimwegen/bojani0000/20260806-dna-rna-deconvolution-pipeline/breseq_strain_assignment_pipeline/OUTPUT_breseq_assignment/fastq/D7-DAY1_S70/C5.strict_R1.fastq.gz,/scicore/home/nimwegen/bojani0000/20260806-dna-rna-deconvolution-pipeline/breseq_strain_assignment_pipeline/OUTPUT_breseq_assignment/fastq/D7-DAY1_S70/C5.strict_R2.fastq.gz,CHL,"['K12', 'B8', 'D2', 'C5', 'H1', 'D5', 'E3']",1,D7
121,D7-DAY1_S70,C5,/scicore/home/nimwegen/bojani0000/Gene_clustering_algorithms/pan-genome-analysis/data/E_coli_backup4/input_GenBank/C5_pilon_round_4_annotated.gbk,permissive,/scicore/home/nimwegen/bojani0000/20260806-dna-rna-deconvolution-pipeline/breseq_strain_assignment_pipeline/OUTPUT_breseq_assignment/fastq/D7-DAY1_S70/C5.permissive_R1.fastq.gz,/scicore/home/nimwegen/bojani0000/20260806-dna-rna-deconvolution-pipeline/breseq_strain_assignment_pipeline/OUTPUT_breseq_assignment/fastq/D7-DAY1_S70/C5.permissive_R2.fastq.gz,CHL,"['K12', 'B8', 'D2', 'C5', 'H1', 'D5', 'E3']",1,D7
122,D7-DAY1_S70,E3,/scicore/home/nimwegen/bojani0000/Gene_clustering_algorithms/pan-genome-analysis/data/E_coli_backup4/input_GenBank/E3_pilon_round_4_annotated.gbk,strict,/scicore/home/nimwegen/bojani0000/20260806-dna-rna-deconvolution-pipeline/breseq_strain_assignment_pipeline/OUTPUT_breseq_assignment/fastq/D7-DAY1_S70/E3.strict_R1.fastq.gz,/scicore/home/nimwegen/bojani0000/20260806-dna-rna-deconvolution-pipeline/breseq_strain_assignment_pipeline/OUTPUT_breseq_assignment/fastq/D7-DAY1_S70/E3.strict_R2.fastq.gz,CHL,"['K12', 'B8', 'D2', 'C5', 'H1', 'D5', 'E3']",1,D7
123,D7-DAY1_S70,E3,/scicore/home/nimwegen/bojani0000/Gene_clustering_algorithms/pan-genome-analysis/data/E_coli_backup4/input_GenBank/E3_pilon_round_4_annotated.gbk,permissive,/scicore/home/nimwegen/bojani0000/20260806-dna-rna-deconvolution-pipeline/breseq_strain_assignment_pipeline/OUTPUT_breseq_assignment/fastq/D7-DAY1_S70/E3.permissive_R1.fastq.gz,/scicore/home/nimwegen/bojani0000/20260806-dna-rna-deconvolution-pipeline/breseq_strain_assignment_pipeline/OUTPUT_breseq_assignment/fastq/D7-DAY1_S70/E3.permissive_R2.fastq.gz,CHL,"['K12', 'B8', 'D2', 'C5', 'H1', 'D5', 'E3']",1,D7
124,D8-DAY1_S73,B8,/scicore/home/nimwegen/bojani0000/Gene_clustering_algorithms/pan-genome-analysis/data/E_coli_backup4/input_GenBank/B8_pilon_round_4_annotated.gbk,strict,/scicore/home/nimwegen/bojani0000/20260806-dna-rna-deconvolution-pipeline/breseq_strain_assignment_pipeline/OUTPUT_breseq_assignment/fastq/D8-DAY1_S73/B8.strict_R1.fastq.gz,/scicore/home/nimwegen/bojani0000/20260806-dna-rna-deconvolution-pipeline/breseq_strain_assignment_pipeline/OUTPUT_breseq_assignment/fastq/D8-DAY1_S73/B8.strict_R2.fastq.gz,ALA,"['K12', 'B8', 'D2', 'C5', 'H1', 'D5', 'E3']",1,D8
125,D8-DAY1_S73,B8,/scicore/home/nimwegen/bojani0000/Gene_clustering_algorithms/pan-genome-analysis/data/E_coli_backup4/input_GenBank/B8_pilon_round_4_annotated.gbk,permissive,/scicore/home/nimwegen/bojani0000/20260806-dna-rna-deconvolution-pipeline/breseq_strain_assignment_pipeline/OUTPUT_breseq_assignment/fastq/D8-DAY1_S73/B8.permissive_R1.fastq.gz,/scicore/home/nimwegen/bojani0000/20260806-dna-rna-deconvolution-pipeline/breseq_strain_assignment_pipeline/OUTPUT_breseq_assignment/fastq/D8-DAY1_S73/B8.permissive_R2.fastq.gz,ALA,"['K12', 'B8', 'D2', 'C5', 'H1', 'D5', 'E3']",1,D8
126,D8-DAY1_S73,D2,/scicore/home/nimwegen/bojani0000/Gene_clustering_algorithms/pan-genome-analysis/data/E_coli_backup4/input_GenBank/D2_pilon_round_4_annotated.gbk,strict,/scicore/home/nimwegen/bojani0000/20260806-dna-rna-deconvolution-pipeline/breseq_strain_assignment_pipeline/OUTPUT_breseq_assignment/fastq/D8-DAY1_S73/D2.strict_R1.fastq.gz,/scicore/home/nimwegen/bojani0000/20260806-dna-rna-deconvolution-pipeline/breseq_strain_assignment_pipeline/OUTPUT_breseq_assignment/fastq/D8-DAY1_S73/D2.strict_R2.fastq.gz,ALA,"['K12', 'B8', 'D2', 'C5', 'H1', 'D5', 'E3']",1,D8
127,D8-DAY1_S73,D2,/scicore/home/nimwegen/bojani0000/Gene_clustering_algorithms/pan-genome-analysis/data/E_coli_backup4/input_GenBank/D2_pilon_round_4_annotated.gbk,permissive,/scicore/home/nimwegen/bojani0000/20260806-dna-rna-deconvolution-pipeline/breseq_strain_assignment_pipeline/OUTPUT_breseq_assignment/fastq/D8-DAY1_S73/D2.permissive_R1.fastq.gz,/scicore/home/nimwegen/bojani0000/20260806-dna-rna-deconvolution-pipeline/breseq_strain_assignment_pipeline/OUTPUT_breseq_assignment/fastq/D8-DAY1_S73/D2.permissive_R2.fastq.gz,ALA,"['K12', 'B8', 'D2', 'C5', 'H1', 'D5', 'E3']",1,D8
128,D8-DAY1_S73,D5,/scicore/home/nimwegen/bojani0000/Gene_clustering_algorithms/pan-genome-analysis/data/E_coli_backup4/input_GenBank/D5_pilon_round_4_annotated.gbk,strict,/scicore/home/nimwegen/bojani0000/20260806-dna-rna-deconvolution-pipeline/breseq_strain_assignment_pipeline/OUTPUT_breseq_assignment/fastq/D8-DAY1_S73/D5.strict_R1.fastq.gz,/scicore/home/nimwegen/bojani0000/20260806-dna-rna-deconvolution-pipeline/breseq_strain_assignment_pipeline/OUTPUT_breseq_assignment/fastq/D8-DAY1_S73/D5.strict_R2.fastq.gz,ALA,"['K12', 'B8', 'D2', 'C5', 'H1', 'D5', 'E3']",1,D8
129,D8-DAY1_S73,D5,/scicore/home/nimwegen/bojani0000/Gene_clustering_algorithms/pan-genome-analysis/data/E_coli_backup4/input_GenBank/D5_pilon_round_4_annotated.gbk,permissive,/scicore/home/nimwegen/bojani0000/20260806-dna-rna-deconvolution-pipeline/breseq_strain_assignment_pipeline/OUTPUT_breseq_assignment/fastq/D8-DAY1_S73/D5.permissive_R1.fastq.gz,/scicore/home/nimwegen/bojani0000/20260806-dna-rna-deconvolution-pipeline/breseq_strain_assignment_pipeline/OUTPUT_breseq_assignment/fastq/D8-DAY1_S73/D5.permissive_R2.fastq.gz,ALA,"['K12', 'B8', 'D2', 'C5', 'H1', 'D5', 'E3']",1,D8
130,D8-DAY1_S73,E3,/scicore/home/nimwegen/bojani0000/Gene_clustering_algorithms/pan-genome-analysis/data/E_coli_backup4/input_GenBank/E3_pilon_round_4_annotated.gbk,strict,/scicore/home/nimwegen/bojani0000/20260806-dna-rna-deconvolution-pipeline/breseq_strain_assignment_pipeline/OUTPUT_breseq_assignment/fastq/D8-DAY1_S73/E3.strict_R1.fastq.gz,/scicore/home/nimwegen/bojani0000/20260806-dna-rna-deconvolution-pipeline/breseq_strain_assignment_pipeline/OUTPUT_breseq_assignment/fastq/D8-DAY1_S73/E3.strict_R2.fastq.gz,ALA,"['K12', 'B8', 'D2', 'C5', 'H1', 'D5', 'E3']",1,D8
131,D8-DAY1_S73,E3,/scicore/home/nimwegen/bojani0000/Gene_clustering_algorithms/pan-genome-analysis/data/E_coli_backup4/input_GenBank/E3_pilon_round_4_annotated.gbk,permissive,/scicore/home/nimwegen/bojani0000/20260806-dna-rna-deconvolution-pipeline/breseq_strain_assignment_pipeline/OUTPUT_breseq_assignment/fastq/D8-DAY1_S73/E3.permissive_R1.fastq.gz,/scicore/home/nimwegen/bojani0000/20260806-dna-rna-deconvolution-pipeline/breseq_strain_assignment_pipeline/OUTPUT_breseq_assignment/fastq/D8-DAY1_S73/E3.permissive_R2.fastq.gz,ALA,"['K12', 'B8', 'D2', 'C5', 'H1', 'D5', 'E3']",1,D8
132,E1-DAY1_S76,B8,/scicore/home/nimwegen/bojani0000/Gene_clustering_algorithms/pan-genome-analysis/data/E_coli_backup4/input_GenBank/B8_pilon_round_4_annotated.gbk,strict,/scicore/home/nimwegen/bojani0000/20260806-dna-rna-deconvolution-pipeline/breseq_strain_assignment_pipeline/OUTPUT_breseq_assignment/fastq/E1-DAY1_S76/B8.strict_R1.fastq.gz,/scicore/home/nimwegen/bojani0000/20260806-dna-rna-deconvolution-pipeline/breseq_strain_assignment_pipeline/OUTPUT_breseq_assignment/fastq/E1-DAY1_S76/B8.strict_R2.fastq.gz,CHL,"['B8', 'D2']",1,E1
133,E1-DAY1_S76,B8,/scicore/home/nimwegen/bojani0000/Gene_clustering_algorithms/pan-genome-analysis/data/E_coli_backup4/input_GenBank/B8_pilon_round_4_annotated.gbk,permissive,/scicore/home/nimwegen/bojani0000/20260806-dna-rna-deconvolution-pipeline/breseq_strain_assignment_pipeline/OUTPUT_breseq_assignment/fastq/E1-DAY1_S76/B8.permissive_R1.fastq.gz,/scicore/home/nimwegen/bojani0000/20260806-dna-rna-deconvolution-pipeline/breseq_strain_assignment_pipeline/OUTPUT_breseq_assignment/fastq/E1-DAY1_S76/B8.permissive_R2.fastq.gz,CHL,"['B8', 'D2']",1,E1
134,E1-DAY1_S76,D2,/scicore/home/nimwegen/bojani0000/Gene_clustering_algorithms/pan-genome-analysis/data/E_coli_backup4/input_GenBank/D2_pilon_round_4_annotated.gbk,strict,/scicore/home/nimwegen/bojani0000/20260806-dna-rna-deconvolution-pipeline/breseq_strain_assignment_pipeline/OUTPUT_breseq_assignment/fastq/E1-DAY1_S76/D2.strict_R1.fastq.gz,/scicore/home/nimwegen/bojani0000/20260806-dna-rna-deconvolution-pipeline/breseq_strain_assignment_pipeline/OUTPUT_breseq_assignment/fastq/E1-DAY1_S76/D2.strict_R2.fastq.gz,CHL,"['B8', 'D2']",1,E1
135,E1-DAY1_S76,D2,/scicore/home/nimwegen/bojani0000/Gene_clustering_algorithms/pan-genome-analysis/data/E_coli_backup4/input_GenBank/D2_pilon_round_4_annotated.gbk,permissive,/scicore/home/nimwegen/bojani0000/20260806-dna-rna-deconvolution-pipeline/breseq_strain_assignment_pipeline/OUTPUT_breseq_assignment/fastq/E1-DAY1_S76/D2.permissive_R1.fastq.gz,/scicore/home/nimwegen/bojani0000/20260806-dna-rna-deconvolution-pipeline/breseq_strain_assignment_pipeline/OUTPUT_breseq_assignment/fastq/E1-DAY1_S76/D2.permissive_R2.fastq.gz,CHL,"['B8', 'D2']",1,E1
136,E2-DAY1_S78,C5,/scicore/home/nimwegen/bojani0000/Gene_clustering_algorithms/pan-genome-analysis/data/E_coli_backup4/input_GenBank/C5_pilon_round_4_annotated.gbk,strict,/scicore/home/nimwegen/bojani0000/20260806-dna-rna-deconvolution-pipeline/breseq_strain_assignment_pipeline/OUTPUT_breseq_assignment/fastq/E2-DAY1_S78/C5.strict_R1.fastq.gz,/scicore/home/nimwegen/bojani0000/20260806-dna-rna-deconvolution-pipeline/breseq_strain_assignment_pipeline/OUTPUT_breseq_assignment/fastq/E2-DAY1_S78/C5.strict_R2.fastq.gz,CHL,"['D2', 'C5']",1,E2
137,E2-DAY1_S78,C5,/scicore/home/nimwegen/bojani0000/Gene_clustering_algorithms/pan-genome-analysis/data/E_coli_backup4/input_GenBank/C5_pilon_round_4_annotated.gbk,permissive,/scicore/home/nimwegen/bojani0000/20260806-dna-rna-deconvolution-pipeline/breseq_strain_assignment_pipeline/OUTPUT_breseq_assignment/fastq/E2-DAY1_S78/C5.permissive_R1.fastq.gz,/scicore/home/nimwegen/bojani0000/20260806-dna-rna-deconvolution-pipeline/breseq_strain_assignment_pipeline/OUTPUT_breseq_assignment/fastq/E2-DAY1_S78/C5.permissive_R2.fastq.gz,CHL,"['D2', 'C5']",1,E2
138,E6-DAY1_S83,B8,/scicore/home/nimwegen/bojani0000/Gene_clustering_algorithms/pan-genome-analysis/data/E_coli_backup4/input_GenBank/B8_pilon_round_4_annotated.gbk,strict,/scicore/home/nimwegen/bojani0000/20260806-dna-rna-deconvolution-pipeline/breseq_strain_assignment_pipeline/OUTPUT_breseq_assignment/fastq/E6-DAY1_S83/B8.strict_R1.fastq.gz,/scicore/home/nimwegen/bojani0000/20260806-dna-rna-deconvolution-pipeline/breseq_strain_assignment_pipeline/OUTPUT_breseq_assignment/fastq/E6-DAY1_S83/B8.strict_R2.fastq.gz,NACL,"['K12', 'B8', 'D2', 'C5', 'H1', 'D5', 'E3']",1,E6
139,E6-DAY1_S83,B8,/scicore/home/nimwegen/bojani0000/Gene_clustering_algorithms/pan-genome-analysis/data/E_coli_backup4/input_GenBank/B8_pilon_round_4_annotated.gbk,permissive,/scicore/home/nimwegen/bojani0000/20260806-dna-rna-deconvolution-pipeline/breseq_strain_assignment_pipeline/OUTPUT_breseq_assignment/fastq/E6-DAY1_S83/B8.permissive_R1.fastq.gz,/scicore/home/nimwegen/bojani0000/20260806-dna-rna-deconvolution-pipeline/breseq_strain_assignment_pipeline/OUTPUT_breseq_assignment/fastq/E6-DAY1_S83/B8.permissive_R2.fastq.gz,NACL,"['K12', 'B8', 'D2', 'C5', 'H1', 'D5', 'E3']",1,E6
140,E6-DAY1_S83,D2,/scicore/home/nimwegen/bojani0000/Gene_clustering_algorithms/pan-genome-analysis/data/E_coli_backup4/input_GenBank/D2_pilon_round_4_annotated.gbk,strict,/scicore/home/nimwegen/bojani0000/20260806-dna-rna-deconvolution-pipeline/breseq_strain_assignment_pipeline/OUTPUT_breseq_assignment/fastq/E6-DAY1_S83/D2.strict_R1.fastq.gz,/scicore/home/nimwegen/bojani0000/20260806-dna-rna-deconvolution-pipeline/breseq_strain_assignment_pipeline/OUTPUT_breseq_assignment/fastq/E6-DAY1_S83/D2.strict_R2.fastq.gz,NACL,"['K12', 'B8', 'D2', 'C5', 'H1', 'D5', 'E3']",1,E6
141,E6-DAY1_S83,D2,/scicore/home/nimwegen/bojani0000/Gene_clustering_algorithms/pan-genome-analysis/data/E_coli_backup4/input_GenBank/D2_pilon_round_4_annotated.gbk,permissive,/scicore/home/nimwegen/bojani0000/20260806-dna-rna-deconvolution-pipeline/breseq_strain_assignment_pipeline/OUTPUT_breseq_assignment/fastq/E6-DAY1_S83/D2.permissive_R1.fastq.gz,/scicore/home/nimwegen/bojani0000/20260806-dna-rna-deconvolution-pipeline/breseq_strain_assignment_pipeline/OUTPUT_breseq_assignment/fastq/E6-DAY1_S83/D2.permissive_R2.fastq.gz,NACL,"['K12', 'B8', 'D2', 'C5', 'H1', 'D5', 'E3']",1,E6
142,E6-DAY1_S83,H1,/scicore/home/nimwegen/bojani0000/Gene_clustering_algorithms/pan-genome-analysis/data/E_coli_backup4/input_GenBank/H1_pilon_round_4_annotated.gbk,strict,/scicore/home/nimwegen/bojani0000/20260806-dna-rna-deconvolution-pipeline/breseq_strain_assignment_pipeline/OUTPUT_breseq_assignment/fastq/E6-DAY1_S83/H1.strict_R1.fastq.gz,/scicore/home/nimwegen/bojani0000/20260806-dna-rna-deconvolution-pipeline/breseq_strain_assignment_pipeline/OUTPUT_breseq_assignment/fastq/E6-DAY1_S83/H1.strict_R2.fastq.gz,NACL,"['K12', 'B8', 'D2', 'C5', 'H1', 'D5', 'E3']",1,E6
143,E6-DAY1_S83,H1,/scicore/home/nimwegen/bojani0000/Gene_clustering_algorithms/pan-genome-analysis/data/E_coli_backup4/input_GenBank/H1_pilon_round_4_annotated.gbk,permissive,/scicore/home/nimwegen/bojani0000/20260806-dna-rna-deconvolution-pipeline/breseq_strain_assignment_pipeline/OUTPUT_breseq_assignment/fastq/E6-DAY1_S83/H1.permissive_R1.fastq.gz,/scicore/home/nimwegen/bojani0000/20260806-dna-rna-deconvolution-pipeline/breseq_strain_assignment_pipeline/OUTPUT_breseq_assignment/fastq/E6-DAY1_S83/H1.permissive_R2.fastq.gz,NACL,"['K12', 'B8', 'D2', 'C5', 'H1', 'D5', 'E3']",1,E6
144,E6-DAY1_S83,D5,/scicore/home/nimwegen/bojani0000/Gene_clustering_algorithms/pan-genome-analysis/data/E_coli_backup4/input_GenBank/D5_pilon_round_4_annotated.gbk,strict,/scicore/home/nimwegen/bojani0000/20260806-dna-rna-deconvolution-pipeline/breseq_strain_assignment_pipeline/OUTPUT_breseq_assignment/fastq/E6-DAY1_S83/D5.strict_R1.fastq.gz,/scicore/home/nimwegen/bojani0000/20260806-dna-rna-deconvolution-pipeline/breseq_strain_assignment_pipeline/OUTPUT_breseq_assignment/fastq/E6-DAY1_S83/D5.strict_R2.fastq.gz,NACL,"['K12', 'B8', 'D2', 'C5', 'H1', 'D5', 'E3']",1,E6
145,E6-DAY1_S83,D5,/scicore/home/nimwegen/bojani0000/Gene_clustering_algorithms/pan-genome-analysis/data/E_coli_backup4/input_GenBank/D5_pilon_round_4_annotated.gbk,permissive,/scicore/home/nimwegen/bojani0000/20260806-dna-rna-deconvolution-pipeline/breseq_strain_assignment_pipeline/OUTPUT_breseq_assignment/fastq/E6-DAY1_S83/D5.permissive_R1.fastq.gz,/scicore/home/nimwegen/bojani0000/20260806-dna-rna-deconvolution-pipeline/breseq_strain_assignment_pipeline/OUTPUT_breseq_assignment/fastq/E6-DAY1_S83/D5.permissive_R2.fastq.gz,NACL,"['K12', 'B8', 'D2', 'C5', 'H1', 'D5', 'E3']",1,E6
146,E7-DAY1_S86,B8,/scicore/home/nimwegen/bojani0000/Gene_clustering_algorithms/pan-genome-analysis/data/E_coli_backup4/input_GenBank/B8_pilon_round_4_annotated.gbk,strict,/scicore/home/nimwegen/bojani0000/20260806-dna-rna-deconvolution-pipeline/breseq_strain_assignment_pipeline/OUTPUT_breseq_assignment/fastq/E7-DAY1_S86/B8.strict_R1.fastq.gz,/scicore/home/nimwegen/bojani0000/20260806-dna-rna-deconvolution-pipeline/breseq_strain_assignment_pipeline/OUTPUT_breseq_assignment/fastq/E7-DAY1_S86/B8.strict_R2.fastq.gz,PH,"['K12', 'B8', 'D2', 'C5', 'H1', 'D5', 'E3']",1,E7
147,E7-DAY1_S86,B8,/scicore/home/nimwegen/bojani0000/Gene_clustering_algorithms/pan-genome-analysis/data/E_coli_backup4/input_GenBank/B8_pilon_round_4_annotated.gbk,permissive,/scicore/home/nimwegen/bojani0000/20260806-dna-rna-deconvolution-pipeline/breseq_strain_assignment_pipeline/OUTPUT_breseq_assignment/fastq/E7-DAY1_S86/B8.permissive_R1.fastq.gz,/scicore/home/nimwegen/bojani0000/20260806-dna-rna-deconvolution-pipeline/breseq_strain_assignment_pipeline/OUTPUT_breseq_assignment/fastq/E7-DAY1_S86/B8.permissive_R2.fastq.gz,PH,"['K12', 'B8', 'D2', 'C5', 'H1', 'D5', 'E3']",1,E7
148,E7-DAY1_S86,D2,/scicore/home/nimwegen/bojani0000/Gene_clustering_algorithms/pan-genome-analysis/data/E_coli_backup4/input_GenBank/D2_pilon_round_4_annotated.gbk,strict,/scicore/home/nimwegen/bojani0000/20260806-dna-rna-deconvolution-pipeline/breseq_strain_assignment_pipeline/OUTPUT_breseq_assignment/fastq/E7-DAY1_S86/D2.strict_R1.fastq.gz,/scicore/home/nimwegen/bojani0000/20260806-dna-rna-deconvolution-pipeline/breseq_strain_assignment_pipeline/OUTPUT_breseq_assignment/fastq/E7-DAY1_S86/D2.strict_R2.fastq.gz,PH,"['K12', 'B8', 'D2', 'C5', 'H1', 'D5', 'E3']",1,E7
149,E7-DAY1_S86,D2,/scicore/home/nimwegen/bojani0000/Gene_clustering_algorithms/pan-genome-analysis/data/E_coli_backup4/input_GenBank/D2_pilon_round_4_annotated.gbk,permissive,/scicore/home/nimwegen/bojani0000/20260806-dna-rna-deconvolution-pipeline/breseq_strain_assignment_pipeline/OUTPUT_breseq_assignment/fastq/E7-DAY1_S86/D2.permissive_R1.fastq.gz,/scicore/home/nimwegen/bojani0000/20260806-dna-rna-deconvolution-pipeline/breseq_strain_assignment_pipeline/OUTPUT_breseq_assignment/fastq/E7-DAY1_S86/D2.permissive_R2.fastq.gz,PH,"['K12', 'B8', 'D2', 'C5', 'H1', 'D5', 'E3']",1,E7
150,E7-DAY1_S86,C5,/scicore/home/nimwegen/bojani0000/Gene_clustering_algorithms/pan-genome-analysis/data/E_coli_backup4/input_GenBank/C5_pilon_round_4_annotated.gbk,strict,/scicore/home/nimwegen/bojani0000/20260806-dna-rna-deconvolution-pipeline/breseq_strain_assignment_pipeline/OUTPUT_breseq_assignment/fastq/E7-DAY1_S86/C5.strict_R1.fastq.gz,/scicore/home/nimwegen/bojani0000/20260806-dna-rna-deconvolution-pipeline/breseq_strain_assignment_pipeline/OUTPUT_breseq_assignment/fastq/E7-DAY1_S86/C5.strict_R2.fastq.gz,PH,"['K12', 'B8', 'D2', 'C5', 'H1', 'D5', 'E3']",1,E7
151,E7-DAY1_S86,C5,/scicore/home/nimwegen/bojani0000/Gene_clustering_algorithms/pan-genome-analysis/data/E_coli_backup4/input_GenBank/C5_pilon_round_4_annotated.gbk,permissive,/scicore/home/nimwegen/bojani0000/20260806-dna-rna-deconvolution-pipeline/breseq_strain_assignment_pipeline/OUTPUT_breseq_assignment/fastq/E7-DAY1_S86/C5.permissive_R1.fastq.gz,/scicore/home/nimwegen/bojani0000/20260806-dna-rna-deconvolution-pipeline/breseq_strain_assignment_pipeline/OUTPUT_breseq_assignment/fastq/E7-DAY1_S86/C5.permissive_R2.fastq.gz,PH,"['K12', 'B8', 'D2', 'C5', 'H1', 'D5', 'E3']",1,E7
152,E7-DAY1_S86,E3,/scicore/home/nimwegen/bojani0000/Gene_clustering_algorithms/pan-genome-analysis/data/E_coli_backup4/input_GenBank/E3_pilon_round_4_annotated.gbk,strict,/scicore/home/nimwegen/bojani0000/20260806-dna-rna-deconvolution-pipeline/breseq_strain_assignment_pipeline/OUTPUT_breseq_assignment/fastq/E7-DAY1_S86/E3.strict_R1.fastq.gz,/scicore/home/nimwegen/bojani0000/20260806-dna-rna-deconvolution-pipeline/breseq_strain_assignment_pipeline/OUTPUT_breseq_assignment/fastq/E7-DAY1_S86/E3.strict_R2.fastq.gz,PH,"['K12', 'B8', 'D2', 'C5', 'H1', 'D5', 'E3']",1,E7
153,E7-DAY1_S86,E3,/scicore/home/nimwegen/bojani0000/Gene_clustering_algorithms/pan-genome-analysis/data/E_coli_backup4/input_GenBank/E3_pilon_round_4_annotated.gbk,permissive,/scicore/home/nimwegen/bojani0000/20260806-dna-rna-deconvolution-pipeline/breseq_strain_assignment_pipeline/OUTPUT_breseq_assignment/fastq/E7-DAY1_S86/E3.permissive_R1.fastq.gz,/scicore/home/nimwegen/bojani0000/20260806-dna-rna-deconvolution-pipeline/breseq_strain_assignment_pipeline/OUTPUT_breseq_assignment/fastq/E7-DAY1_S86/E3.permissive_R2.fastq.gz,PH,"['K12', 'B8', 'D2', 'C5', 'H1', 'D5', 'E3']",1,E7
154,E8-DAY1_S89,B8,/scicore/home/nimwegen/bojani0000/Gene_clustering_algorithms/pan-genome-analysis/data/E_coli_backup4/input_GenBank/B8_pilon_round_4_annotated.gbk,strict,/scicore/home/nimwegen/bojani0000/20260806-dna-rna-deconvolution-pipeline/breseq_strain_assignment_pipeline/OUTPUT_breseq_assignment/fastq/E8-DAY1_S89/B8.strict_R1.fastq.gz,/scicore/home/nimwegen/bojani0000/20260806-dna-rna-deconvolution-pipeline/breseq_strain_assignment_pipeline/OUTPUT_breseq_assignment/fastq/E8-DAY1_S89/B8.strict_R2.fastq.gz,CHL,"['K12', 'B8', 'D2', 'C5', 'H1', 'D5', 'E3']",1,E8
155,E8-DAY1_S89,B8,/scicore/home/nimwegen/bojani0000/Gene_clustering_algorithms/pan-genome-analysis/data/E_coli_backup4/input_GenBank/B8_pilon_round_4_annotated.gbk,permissive,/scicore/home/nimwegen/bojani0000/20260806-dna-rna-deconvolution-pipeline/breseq_strain_assignment_pipeline/OUTPUT_breseq_assignment/fastq/E8-DAY1_S89/B8.permissive_R1.fastq.gz,/scicore/home/nimwegen/bojani0000/20260806-dna-rna-deconvolution-pipeline/breseq_strain_assignment_pipeline/OUTPUT_breseq_assignment/fastq/E8-DAY1_S89/B8.permissive_R2.fastq.gz,CHL,"['K12', 'B8', 'D2', 'C5', 'H1', 'D5', 'E3']",1,E8
156,E8-DAY1_S89,D2,/scicore/home/nimwegen/bojani0000/Gene_clustering_algorithms/pan-genome-analysis/data/E_coli_backup4/input_GenBank/D2_pilon_round_4_annotated.gbk,strict,/scicore/home/nimwegen/bojani0000/20260806-dna-rna-deconvolution-pipeline/breseq_strain_assignment_pipeline/OUTPUT_breseq_assignment/fastq/E8-DAY1_S89/D2.strict_R1.fastq.gz,/scicore/home/nimwegen/bojani0000/20260806-dna-rna-deconvolution-pipeline/breseq_strain_assignment_pipeline/OUTPUT_breseq_assignment/fastq/E8-DAY1_S89/D2.strict_R2.fastq.gz,CHL,"['K12', 'B8', 'D2', 'C5', 'H1', 'D5', 'E3']",1,E8
157,E8-DAY1_S89,D2,/scicore/home/nimwegen/bojani0000/Gene_clustering_algorithms/pan-genome-analysis/data/E_coli_backup4/input_GenBank/D2_pilon_round_4_annotated.gbk,permissive,/scicore/home/nimwegen/bojani0000/20260806-dna-rna-deconvolution-pipeline/breseq_strain_assignment_pipeline/OUTPUT_breseq_assignment/fastq/E8-DAY1_S89/D2.permissive_R1.fastq.gz,/scicore/home/nimwegen/bojani0000/20260806-dna-rna-deconvolution-pipeline/breseq_strain_assignment_pipeline/OUTPUT_breseq_assignment/fastq/E8-DAY1_S89/D2.permissive_R2.fastq.gz,CHL,"['K12', 'B8', 'D2', 'C5', 'H1', 'D5', 'E3']",1,E8
158,E8-DAY1_S89,C5,/scicore/home/nimwegen/bojani0000/Gene_clustering_algorithms/pan-genome-analysis/data/E_coli_backup4/input_GenBank/C5_pilon_round_4_annotated.gbk,strict,/scicore/home/nimwegen/bojani0000/20260806-dna-rna-deconvolution-pipeline/breseq_strain_assignment_pipeline/OUTPUT_breseq_assignment/fastq/E8-DAY1_S89/C5.strict_R1.fastq.gz,/scicore/home/nimwegen/bojani0000/20260806-dna-rna-deconvolution-pipeline/breseq_strain_assignment_pipeline/OUTPUT_breseq_assignment/fastq/E8-DAY1_S89/C5.strict_R2.fastq.gz,CHL,"['K12', 'B8', 'D2', 'C5', 'H1', 'D5', 'E3']",1,E8
159,E8-DAY1_S89,C5,/scicore/home/nimwegen/bojani0000/Gene_clustering_algorithms/pan-genome-analysis/data/E_coli_backup4/input_GenBank/C5_pilon_round_4_annotated.gbk,permissive,/scicore/home/nimwegen/bojani0000/20260806-dna-rna-deconvolution-pipeline/breseq_strain_assignment_pipeline/OUTPUT_breseq_assignment/fastq/E8-DAY1_S89/C5.permissive_R1.fastq.gz,/scicore/home/nimwegen/bojani0000/20260806-dna-rna-deconvolution-pipeline/breseq_strain_assignment_pipeline/OUTPUT_breseq_assignment/fastq/E8-DAY1_S89/C5.permissive_R2.fastq.gz,CHL,"['K12', 'B8', 'D2', 'C5', 'H1', 'D5', 'E3']",1,E8
160,E8-DAY1_S89,E3,/scicore/home/nimwegen/bojani0000/Gene_clustering_algorithms/pan-genome-analysis/data/E_coli_backup4/input_GenBank/E3_pilon_round_4_annotated.gbk,strict,/scicore/home/nimwegen/bojani0000/20260806-dna-rna-deconvolution-pipeline/breseq_strain_assignment_pipeline/OUTPUT_breseq_assignment/fastq/E8-DAY1_S89/E3.strict_R1.fastq.gz,/scicore/home/nimwegen/bojani0000/20260806-dna-rna-deconvolution-pipeline/breseq_strain_assignment_pipeline/OUTPUT_breseq_assignment/fastq/E8-DAY1_S89/E3.strict_R2.fastq.gz,CHL,"['K12', 'B8', 'D2', 'C5', 'H1', 'D5', 'E3']",1,E8
161,E8-DAY1_S89,E3,/scicore/home/nimwegen/bojani0000/Gene_clustering_algorithms/pan-genome-analysis/data/E_coli_backup4/input_GenBank/E3_pilon_round_4_annotated.gbk,permissive,/scicore/home/nimwegen/bojani0000/20260806-dna-rna-deconvolution-pipeline/breseq_strain_assignment_pipeline/OUTPUT_breseq_assignment/fastq/E8-DAY1_S89/E3.permissive_R1.fastq.gz,/scicore/home/nimwegen/bojani0000/20260806-dna-rna-deconvolution-pipeline/breseq_strain_assignment_pipeline/OUTPUT_breseq_assignment/fastq/E8-DAY1_S89/E3.permissive_R2.fastq.gz,CHL,"['K12', 'B8', 'D2', 'C5', 'H1', 'D5', 'E3']",1,E8
162,F1-DAY1_S92,C5,/scicore/home/nimwegen/bojani0000/Gene_clustering_algorithms/pan-genome-analysis/data/E_coli_backup4/input_GenBank/C5_pilon_round_4_annotated.gbk,strict,/scicore/home/nimwegen/bojani0000/20260806-dna-rna-deconvolution-pipeline/breseq_strain_assignment_pipeline/OUTPUT_breseq_assignment/fastq/F1-DAY1_S92/C5.strict_R1.fastq.gz,/scicore/home/nimwegen/bojani0000/20260806-dna-rna-deconvolution-pipeline/breseq_strain_assignment_pipeline/OUTPUT_breseq_assignment/fastq/F1-DAY1_S92/C5.strict_R2.fastq.gz,CHL,"['B8', 'C5']",1,F1
163,F1-DAY1_S92,C5,/scicore/home/nimwegen/bojani0000/Gene_clustering_algorithms/pan-genome-analysis/data/E_coli_backup4/input_GenBank/C5_pilon_round_4_annotated.gbk,permissive,/scicore/home/nimwegen/bojani0000/20260806-dna-rna-deconvolution-pipeline/breseq_strain_assignment_pipeline/OUTPUT_breseq_assignment/fastq/F1-DAY1_S92/C5.permissive_R1.fastq.gz,/scicore/home/nimwegen/bojani0000/20260806-dna-rna-deconvolution-pipeline/breseq_strain_assignment_pipeline/OUTPUT_breseq_assignment/fastq/F1-DAY1_S92/C5.permissive_R2.fastq.gz,CHL,"['B8', 'C5']",1,F1
164,F3-DAY1_S94,B8,/scicore/home/nimwegen/bojani0000/Gene_clustering_algorithms/pan-genome-analysis/data/E_coli_backup4/input_GenBank/B8_pilon_round_4_annotated.gbk,strict,/scicore/home/nimwegen/bojani0000/20260806-dna-rna-deconvolution-pipeline/breseq_strain_assignment_pipeline/OUTPUT_breseq_assignment/fastq/F3-DAY1_S94/B8.strict_R1.fastq.gz,/scicore/home/nimwegen/bojani0000/20260806-dna-rna-deconvolution-pipeline/breseq_strain_assignment_pipeline/OUTPUT_breseq_assignment/fastq/F3-DAY1_S94/B8.strict_R2.fastq.gz,ALA,"['K12', 'B8', 'D2', 'C5', 'H1', 'D5', 'E3']",1,F3
165,F3-DAY1_S94,B8,/scicore/home/nimwegen/bojani0000/Gene_clustering_algorithms/pan-genome-analysis/data/E_coli_backup4/input_GenBank/B8_pilon_round_4_annotated.gbk,permissive,/scicore/home/nimwegen/bojani0000/20260806-dna-rna-deconvolution-pipeline/breseq_strain_assignment_pipeline/OUTPUT_breseq_assignment/fastq/F3-DAY1_S94/B8.permissive_R1.fastq.gz,/scicore/home/nimwegen/bojani0000/20260806-dna-rna-deconvolution-pipeline/breseq_strain_assignment_pipeline/OUTPUT_breseq_assignment/fastq/F3-DAY1_S94/B8.permissive_R2.fastq.gz,ALA,"['K12', 'B8', 'D2', 'C5', 'H1', 'D5', 'E3']",1,F3
166,F3-DAY1_S94,D2,/scicore/home/nimwegen/bojani0000/Gene_clustering_algorithms/pan-genome-analysis/data/E_coli_backup4/input_GenBank/D2_pilon_round_4_annotated.gbk,strict,/scicore/home/nimwegen/bojani0000/20260806-dna-rna-deconvolution-pipeline/breseq_strain_assignment_pipeline/OUTPUT_breseq_assignment/fastq/F3-DAY1_S94/D2.strict_R1.fastq.gz,/scicore/home/nimwegen/bojani0000/20260806-dna-rna-deconvolution-pipeline/breseq_strain_assignment_pipeline/OUTPUT_breseq_assignment/fastq/F3-DAY1_S94/D2.strict_R2.fastq.gz,ALA,"['K12', 'B8', 'D2', 'C5', 'H1', 'D5', 'E3']",1,F3
167,F3-DAY1_S94,D2,/scicore/home/nimwegen/bojani0000/Gene_clustering_algorithms/pan-genome-analysis/data/E_coli_backup4/input_GenBank/D2_pilon_round_4_annotated.gbk,permissive,/scicore/home/nimwegen/bojani0000/20260806-dna-rna-deconvolution-pipeline/breseq_strain_assignment_pipeline/OUTPUT_breseq_assignment/fastq/F3-DAY1_S94/D2.permissive_R1.fastq.gz,/scicore/home/nimwegen/bojani0000/20260806-dna-rna-deconvolution-pipeline/breseq_strain_assignment_pipeline/OUTPUT_breseq_assignment/fastq/F3-DAY1_S94/D2.permissive_R2.fastq.gz,ALA,"['K12', 'B8', 'D2', 'C5', 'H1', 'D5', 'E3']",1,F3
168,F3-DAY1_S94,D5,/scicore/home/nimwegen/bojani0000/Gene_clustering_algorithms/pan-genome-analysis/data/E_coli_backup4/input_GenBank/D5_pilon_round_4_annotated.gbk,strict,/scicore/home/nimwegen/bojani0000/20260806-dna-rna-deconvolution-pipeline/breseq_strain_assignment_pipeline/OUTPUT_breseq_assignment/fastq/F3-DAY1_S94/D5.strict_R1.fastq.gz,/scicore/home/nimwegen/bojani0000/20260806-dna-rna-deconvolution-pipeline/breseq_strain_assignment_pipeline/OUTPUT_breseq_assignment/fastq/F3-DAY1_S94/D5.strict_R2.fastq.gz,ALA,"['K12', 'B8', 'D2', 'C5', 'H1', 'D5', 'E3']",1,F3
169,F3-DAY1_S94,D5,/scicore/home/nimwegen/bojani0000/Gene_clustering_algorithms/pan-genome-analysis/data/E_coli_backup4/input_GenBank/D5_pilon_round_4_annotated.gbk,permissive,/scicore/home/nimwegen/bojani0000/20260806-dna-rna-deconvolution-pipeline/breseq_strain_assignment_pipeline/OUTPUT_breseq_assignment/fastq/F3-DAY1_S94/D5.permissive_R1.fastq.gz,/scicore/home/nimwegen/bojani0000/20260806-dna-rna-deconvolution-pipeline/breseq_strain_assignment_pipeline/OUTPUT_breseq_assignment/fastq/F3-DAY1_S94/D5.permissive_R2.fastq.gz,ALA,"['K12', 'B8', 'D2', 'C5', 'H1', 'D5', 'E3']",1,F3
170,F3-DAY1_S94,E3,/scicore/home/nimwegen/bojani0000/Gene_clustering_algorithms/pan-genome-analysis/data/E_coli_backup4/input_GenBank/E3_pilon_round_4_annotated.gbk,strict,/scicore/home/nimwegen/bojani0000/20260806-dna-rna-deconvolution-pipeline/breseq_strain_assignment_pipeline/OUTPUT_breseq_assignment/fastq/F3-DAY1_S94/E3.strict_R1.fastq.gz,/scicore/home/nimwegen/bojani0000/20260806-dna-rna-deconvolution-pipeline/breseq_strain_assignment_pipeline/OUTPUT_breseq_assignment/fastq/F3-DAY1_S94/E3.strict_R2.fastq.gz,ALA,"['K12', 'B8', 'D2', 'C5', 'H1', 'D5', 'E3']",1,F3
171,F3-DAY1_S94,E3,/scicore/home/nimwegen/bojani0000/Gene_clustering_algorithms/pan-genome-analysis/data/E_coli_backup4/input_GenBank/E3_pilon_round_4_annotated.gbk,permissive,/scicore/home/nimwegen/bojani0000/20260806-dna-rna-deconvolution-pipeline/breseq_strain_assignment_pipeline/OUTPUT_breseq_assignment/fastq/F3-DAY1_S94/E3.permissive_R1.fastq.gz,/scicore/home/nimwegen/bojani0000/20260806-dna-rna-deconvolution-pipeline/breseq_strain_assignment_pipeline/OUTPUT_breseq_assignment/fastq/F3-DAY1_S94/E3.permissive_R2.fastq.gz,ALA,"['K12', 'B8', 'D2', 'C5', 'H1', 'D5', 'E3']",1,F3
172,F4-DAY1_S97,B8,/scicore/home/nimwegen/bojani0000/Gene_clustering_algorithms/pan-genome-analysis/data/E_coli_backup4/input_GenBank/B8_pilon_round_4_annotated.gbk,strict,/scicore/home/nimwegen/bojani0000/20260806-dna-rna-deconvolution-pipeline/breseq_strain_assignment_pipeline/OUTPUT_breseq_assignment/fastq/F4-DAY1_S97/B8.strict_R1.fastq.gz,/scicore/home/nimwegen/bojani0000/20260806-dna-rna-deconvolution-pipeline/breseq_strain_assignment_pipeline/OUTPUT_breseq_assignment/fastq/F4-DAY1_S97/B8.strict_R2.fastq.gz,GLU,"['K12', 'B8', 'D2', 'C5', 'H1', 'D5', 'E3']",1,F4
173,F4-DAY1_S97,B8,/scicore/home/nimwegen/bojani0000/Gene_clustering_algorithms/pan-genome-analysis/data/E_coli_backup4/input_GenBank/B8_pilon_round_4_annotated.gbk,permissive,/scicore/home/nimwegen/bojani0000/20260806-dna-rna-deconvolution-pipeline/breseq_strain_assignment_pipeline/OUTPUT_breseq_assignment/fastq/F4-DAY1_S97/B8.permissive_R1.fastq.gz,/scicore/home/nimwegen/bojani0000/20260806-dna-rna-deconvolution-pipeline/breseq_strain_assignment_pipeline/OUTPUT_breseq_assignment/fastq/F4-DAY1_S97/B8.permissive_R2.fastq.gz,GLU,"['K12', 'B8', 'D2', 'C5', 'H1', 'D5', 'E3']",1,F4
174,F4-DAY1_S97,D2,/scicore/home/nimwegen/bojani0000/Gene_clustering_algorithms/pan-genome-analysis/data/E_coli_backup4/input_GenBank/D2_pilon_round_4_annotated.gbk,strict,/scicore/home/nimwegen/bojani0000/20260806-dna-rna-deconvolution-pipeline/breseq_strain_assignment_pipeline/OUTPUT_breseq_assignment/fastq/F4-DAY1_S97/D2.strict_R1.fastq.gz,/scicore/home/nimwegen/bojani0000/20260806-dna-rna-deconvolution-pipeline/breseq_strain_assignment_pipeline/OUTPUT_breseq_assignment/fastq/F4-DAY1_S97/D2.strict_R2.fastq.gz,GLU,"['K12', 'B8', 'D2', 'C5', 'H1', 'D5', 'E3']",1,F4
175,F4-DAY1_S97,D2,/scicore/home/nimwegen/bojani0000/Gene_clustering_algorithms/pan-genome-analysis/data/E_coli_backup4/input_GenBank/D2_pilon_round_4_annotated.gbk,permissive,/scicore/home/nimwegen/bojani0000/20260806-dna-rna-deconvolution-pipeline/breseq_strain_assignment_pipeline/OUTPUT_breseq_assignment/fastq/F4-DAY1_S97/D2.permissive_R1.fastq.gz,/scicore/home/nimwegen/bojani0000/20260806-dna-rna-deconvolution-pipeline/breseq_strain_assignment_pipeline/OUTPUT_breseq_assignment/fastq/F4-DAY1_S97/D2.permissive_R2.fastq.gz,GLU,"['K12', 'B8', 'D2', 'C5', 'H1', 'D5', 'E3']",1,F4
176,F4-DAY1_S97,E3,/scicore/home/nimwegen/bojani0000/Gene_clustering_algorithms/pan-genome-analysis/data/E_coli_backup4/input_GenBank/E3_pilon_round_4_annotated.gbk,strict,/scicore/home/nimwegen/bojani0000/20260806-dna-rna-deconvolution-pipeline/breseq_strain_assignment_pipeline/OUTPUT_breseq_assignment/fastq/F4-DAY1_S97/E3.strict_R1.fastq.gz,/scicore/home/nimwegen/bojani0000/20260806-dna-rna-deconvolution-pipeline/breseq_strain_assignment_pipeline/OUTPUT_breseq_assignment/fastq/F4-DAY1_S97/E3.strict_R2.fastq.gz,GLU,"['K12', 'B8', 'D2', 'C5', 'H1', 'D5', 'E3']",1,F4
177,F4-DAY1_S97,E3,/scicore/home/nimwegen/bojani0000/Gene_clustering_algorithms/pan-genome-analysis/data/E_coli_backup4/input_GenBank/E3_pilon_round_4_annotated.gbk,permissive,/scicore/home/nimwegen/bojani0000/20260806-dna-rna-deconvolution-pipeline/breseq_strain_assignment_pipeline/OUTPUT_breseq_assignment/fastq/F4-DAY1_S97/E3.permissive_R1.fastq.gz,/scicore/home/nimwegen/bojani0000/20260806-dna-rna-deconvolution-pipeline/breseq_strain_assignment_pipeline/OUTPUT_breseq_assignment/fastq/F4-DAY1_S97/E3.permissive_R2.fastq.gz,GLU,"['K12', 'B8', 'D2', 'C5', 'H1', 'D5', 'E3']",1,F4
178,F5-DAY1_S100,B8,/scicore/home/nimwegen/bojani0000/Gene_clustering_algorithms/pan-genome-analysis/data/E_coli_backup4/input_GenBank/B8_pilon_round_4_annotated.gbk,strict,/scicore/home/nimwegen/bojani0000/20260806-dna-rna-deconvolution-pipeline/breseq_strain_assignment_pipeline/OUTPUT_breseq_assignment/fastq/F5-DAY1_S100/B8.strict_R1.fastq.gz,/scicore/home/nimwegen/bojani0000/20260806-dna-rna-deconvolution-pipeline/breseq_strain_assignment_pipeline/OUTPUT_breseq_assignment/fastq/F5-DAY1_S100/B8.strict_R2.fastq.gz,NACL,"['K12', 'B8', 'D2', 'C5', 'H1', 'D5', 'E3']",1,F5
179,F5-DAY1_S100,B8,/scicore/home/nimwegen/bojani0000/Gene_clustering_algorithms/pan-genome-analysis/data/E_coli_backup4/input_GenBank/B8_pilon_round_4_annotated.gbk,permissive,/scicore/home/nimwegen/bojani0000/20260806-dna-rna-deconvolution-pipeline/breseq_strain_assignment_pipeline/OUTPUT_breseq_assignment/fastq/F5-DAY1_S100/B8.permissive_R1.fastq.gz,/scicore/home/nimwegen/bojani0000/20260806-dna-rna-deconvolution-pipeline/breseq_strain_assignment_pipeline/OUTPUT_breseq_assignment/fastq/F5-DAY1_S100/B8.permissive_R2.fastq.gz,NACL,"['K12', 'B8', 'D2', 'C5', 'H1', 'D5', 'E3']",1,F5
180,F5-DAY1_S100,D2,/scicore/home/nimwegen/bojani0000/Gene_clustering_algorithms/pan-genome-analysis/data/E_coli_backup4/input_GenBank/D2_pilon_round_4_annotated.gbk,strict,/scicore/home/nimwegen/bojani0000/20260806-dna-rna-deconvolution-pipeline/breseq_strain_assignment_pipeline/OUTPUT_breseq_assignment/fastq/F5-DAY1_S100/D2.strict_R1.fastq.gz,/scicore/home/nimwegen/bojani0000/20260806-dna-rna-deconvolution-pipeline/breseq_strain_assignment_pipeline/OUTPUT_breseq_assignment/fastq/F5-DAY1_S100/D2.strict_R2.fastq.gz,NACL,"['K12', 'B8', 'D2', 'C5', 'H1', 'D5', 'E3']",1,F5
181,F5-DAY1_S100,D2,/scicore/home/nimwegen/bojani0000/Gene_clustering_algorithms/pan-genome-analysis/data/E_coli_backup4/input_GenBank/D2_pilon_round_4_annotated.gbk,permissive,/scicore/home/nimwegen/bojani0000/20260806-dna-rna-deconvolution-pipeline/breseq_strain_assignment_pipeline/OUTPUT_breseq_assignment/fastq/F5-DAY1_S100/D2.permissive_R1.fastq.gz,/scicore/home/nimwegen/bojani0000/20260806-dna-rna-deconvolution-pipeline/breseq_strain_assignment_pipeline/OUTPUT_breseq_assignment/fastq/F5-DAY1_S100/D2.permissive_R2.fastq.gz,NACL,"['K12', 'B8', 'D2', 'C5', 'H1', 'D5', 'E3']",1,F5
182,F5-DAY1_S100,H1,/scicore/home/nimwegen/bojani0000/Gene_clustering_algorithms/pan-genome-analysis/data/E_coli_backup4/input_GenBank/H1_pilon_round_4_annotated.gbk,strict,/scicore/home/nimwegen/bojani0000/20260806-dna-rna-deconvolution-pipeline/breseq_strain_assignment_pipeline/OUTPUT_breseq_assignment/fastq/F5-DAY1_S100/H1.strict_R1.fastq.gz,/scicore/home/nimwegen/bojani0000/20260806-dna-rna-deconvolution-pipeline/breseq_strain_assignment_pipeline/OUTPUT_breseq_assignment/fastq/F5-DAY1_S100/H1.strict_R2.fastq.gz,NACL,"['K12', 'B8', 'D2', 'C5', 'H1', 'D5', 'E3']",1,F5
183,F5-DAY1_S100,H1,/scicore/home/nimwegen/bojani0000/Gene_clustering_algorithms/pan-genome-analysis/data/E_coli_backup4/input_GenBank/H1_pilon_round_4_annotated.gbk,permissive,/scicore/home/nimwegen/bojani0000/20260806-dna-rna-deconvolution-pipeline/breseq_strain_assignment_pipeline/OUTPUT_breseq_assignment/fastq/F5-DAY1_S100/H1.permissive_R1.fastq.gz,/scicore/home/nimwegen/bojani0000/20260806-dna-rna-deconvolution-pipeline/breseq_strain_assignment_pipeline/OUTPUT_breseq_assignment/fastq/F5-DAY1_S100/H1.permissive_R2.fastq.gz,NACL,"['K12', 'B8', 'D2', 'C5', 'H1', 'D5', 'E3']",1,F5
184,F5-DAY1_S100,D5,/scicore/home/nimwegen/bojani0000/Gene_clustering_algorithms/pan-genome-analysis/data/E_coli_backup4/input_GenBank/D5_pilon_round_4_annotated.gbk,strict,/scicore/home/nimwegen/bojani0000/20260806-dna-rna-deconvolution-pipeline/breseq_strain_assignment_pipeline/OUTPUT_breseq_assignment/fastq/F5-DAY1_S100/D5.strict_R1.fastq.gz,/scicore/home/nimwegen/bojani0000/20260806-dna-rna-deconvolution-pipeline/breseq_strain_assignment_pipeline/OUTPUT_breseq_assignment/fastq/F5-DAY1_S100/D5.strict_R2.fastq.gz,NACL,"['K12', 'B8', 'D2', 'C5', 'H1', 'D5', 'E3']",1,F5
185,F5-DAY1_S100,D5,/scicore/home/nimwegen/bojani0000/Gene_clustering_algorithms/pan-genome-analysis/data/E_coli_backup4/input_GenBank/D5_pilon_round_4_annotated.gbk,permissive,/scicore/home/nimwegen/bojani0000/20260806-dna-rna-deconvolution-pipeline/breseq_strain_assignment_pipeline/OUTPUT_breseq_assignment/fastq/F5-DAY1_S100/D5.permissive_R1.fastq.gz,/scicore/home/nimwegen/bojani0000/20260806-dna-rna-deconvolution-pipeline/breseq_strain_assignment_pipeline/OUTPUT_breseq_assignment/fastq/F5-DAY1_S100/D5.permissive_R2.fastq.gz,NACL,"['K12', 'B8', 'D2', 'C5', 'H1', 'D5', 'E3']",1,F5
186,F6-DAY1_S103,B8,/scicore/home/nimwegen/bojani0000/Gene_clustering_algorithms/pan-genome-analysis/data/E_coli_backup4/input_GenBank/B8_pilon_round_4_annotated.gbk,strict,/scicore/home/nimwegen/bojani0000/20260806-dna-rna-deconvolution-pipeline/breseq_strain_assignment_pipeline/OUTPUT_breseq_assignment/fastq/F6-DAY1_S103/B8.strict_R1.fastq.gz,/scicore/home/nimwegen/bojani0000/20260806-dna-rna-deconvolution-pipeline/breseq_strain_assignment_pipeline/OUTPUT_breseq_assignment/fastq/F6-DAY1_S103/B8.strict_R2.fastq.gz,PH,"['K12', 'B8', 'D2', 'C5', 'H1', 'D5', 'E3']",1,F6
187,F6-DAY1_S103,B8,/scicore/home/nimwegen/bojani0000/Gene_clustering_algorithms/pan-genome-analysis/data/E_coli_backup4/input_GenBank/B8_pilon_round_4_annotated.gbk,permissive,/scicore/home/nimwegen/bojani0000/20260806-dna-rna-deconvolution-pipeline/breseq_strain_assignment_pipeline/OUTPUT_breseq_assignment/fastq/F6-DAY1_S103/B8.permissive_R1.fastq.gz,/scicore/home/nimwegen/bojani0000/20260806-dna-rna-deconvolution-pipeline/breseq_strain_assignment_pipeline/OUTPUT_breseq_assignment/fastq/F6-DAY1_S103/B8.permissive_R2.fastq.gz,PH,"['K12', 'B8', 'D2', 'C5', 'H1', 'D5', 'E3']",1,F6
188,F6-DAY1_S103,D2,/scicore/home/nimwegen/bojani0000/Gene_clustering_algorithms/pan-genome-analysis/data/E_coli_backup4/input_GenBank/D2_pilon_round_4_annotated.gbk,strict,/scicore/home/nimwegen/bojani0000/20260806-dna-rna-deconvolution-pipeline/breseq_strain_assignment_pipeline/OUTPUT_breseq_assignment/fastq/F6-DAY1_S103/D2.strict_R1.fastq.gz,/scicore/home/nimwegen/bojani0000/20260806-dna-rna-deconvolution-pipeline/breseq_strain_assignment_pipeline/OUTPUT_breseq_assignment/fastq/F6-DAY1_S103/D2.strict_R2.fastq.gz,PH,"['K12', 'B8', 'D2', 'C5', 'H1', 'D5', 'E3']",1,F6
189,F6-DAY1_S103,D2,/scicore/home/nimwegen/bojani0000/Gene_clustering_algorithms/pan-genome-analysis/data/E_coli_backup4/input_GenBank/D2_pilon_round_4_annotated.gbk,permissive,/scicore/home/nimwegen/bojani0000/20260806-dna-rna-deconvolution-pipeline/breseq_strain_assignment_pipeline/OUTPUT_breseq_assignment/fastq/F6-DAY1_S103/D2.permissive_R1.fastq.gz,/scicore/home/nimwegen/bojani0000/20260806-dna-rna-deconvolution-pipeline/breseq_strain_assignment_pipeline/OUTPUT_breseq_assignment/fastq/F6-DAY1_S103/D2.permissive_R2.fastq.gz,PH,"['K12', 'B8', 'D2', 'C5', 'H1', 'D5', 'E3']",1,F6
190,F7-DAY1_S106,B8,/scicore/home/nimwegen/bojani0000/Gene_clustering_algorithms/pan-genome-analysis/data/E_coli_backup4/input_GenBank/B8_pilon_round_4_annotated.gbk,strict,/scicore/home/nimwegen/bojani0000/20260806-dna-rna-deconvolution-pipeline/breseq_strain_assignment_pipeline/OUTPUT_breseq_assignment/fastq/F7-DAY1_S106/B8.strict_R1.fastq.gz,/scicore/home/nimwegen/bojani0000/20260806-dna-rna-deconvolution-pipeline/breseq_strain_assignment_pipeline/OUTPUT_breseq_assignment/fastq/F7-DAY1_S106/B8.strict_R2.fastq.gz,CHL,"['K12', 'B8', 'D2', 'C5', 'H1', 'D5', 'E3']",1,F7
191,F7-DAY1_S106,B8,/scicore/home/nimwegen/bojani0000/Gene_clustering_algorithms/pan-genome-analysis/data/E_coli_backup4/input_GenBank/B8_pilon_round_4_annotated.gbk,permissive,/scicore/home/nimwegen/bojani0000/20260806-dna-rna-deconvolution-pipeline/breseq_strain_assignment_pipeline/OUTPUT_breseq_assignment/fastq/F7-DAY1_S106/B8.permissive_R1.fastq.gz,/scicore/home/nimwegen/bojani0000/20260806-dna-rna-deconvolution-pipeline/breseq_strain_assignment_pipeline/OUTPUT_breseq_assignment/fastq/F7-DAY1_S106/B8.permissive_R2.fastq.gz,CHL,"['K12', 'B8', 'D2', 'C5', 'H1', 'D5', 'E3']",1,F7
192,F7-DAY1_S106,D2,/scicore/home/nimwegen/bojani0000/Gene_clustering_algorithms/pan-genome-analysis/data/E_coli_backup4/input_GenBank/D2_pilon_round_4_annotated.gbk,strict,/scicore/home/nimwegen/bojani0000/20260806-dna-rna-deconvolution-pipeline/breseq_strain_assignment_pipeline/OUTPUT_breseq_assignment/fastq/F7-DAY1_S106/D2.strict_R1.fastq.gz,/scicore/home/nimwegen/bojani0000/20260806-dna-rna-deconvolution-pipeline/breseq_strain_assignment_pipeline/OUTPUT_breseq_assignment/fastq/F7-DAY1_S106/D2.strict_R2.fastq.gz,CHL,"['K12', 'B8', 'D2', 'C5', 'H1', 'D5', 'E3']",1,F7
193,F7-DAY1_S106,D2,/scicore/home/nimwegen/bojani0000/Gene_clustering_algorithms/pan-genome-analysis/data/E_coli_backup4/input_GenBank/D2_pilon_round_4_annotated.gbk,permissive,/scicore/home/nimwegen/bojani0000/20260806-dna-rna-deconvolution-pipeline/breseq_strain_assignment_pipeline/OUTPUT_breseq_assignment/fastq/F7-DAY1_S106/D2.permissive_R1.fastq.gz,/scicore/home/nimwegen/bojani0000/20260806-dna-rna-deconvolution-pipeline/breseq_strain_assignment_pipeline/OUTPUT_breseq_assignment/fastq/F7-DAY1_S106/D2.permissive_R2.fastq.gz,CHL,"['K12', 'B8', 'D2', 'C5', 'H1', 'D5', 'E3']",1,F7
194,F7-DAY1_S106,C5,/scicore/home/nimwegen/bojani0000/Gene_clustering_algorithms/pan-genome-analysis/data/E_coli_backup4/input_GenBank/C5_pilon_round_4_annotated.gbk,strict,/scicore/home/nimwegen/bojani0000/20260806-dna-rna-deconvolution-pipeline/breseq_strain_assignment_pipeline/OUTPUT_breseq_assignment/fastq/F7-DAY1_S106/C5.strict_R1.fastq.gz,/scicore/home/nimwegen/bojani0000/20260806-dna-rna-deconvolution-pipeline/breseq_strain_assignment_pipeline/OUTPUT_breseq_assignment/fastq/F7-DAY1_S106/C5.strict_R2.fastq.gz,CHL,"['K12', 'B8', 'D2', 'C5', 'H1', 'D5', 'E3']",1,F7
195,F7-DAY1_S106,C5,/scicore/home/nimwegen/bojani0000/Gene_clustering_algorithms/pan-genome-analysis/data/E_coli_backup4/input_GenBank/C5_pilon_round_4_annotated.gbk,permissive,/scicore/home/nimwegen/bojani0000/20260806-dna-rna-deconvolution-pipeline/breseq_strain_assignment_pipeline/OUTPUT_breseq_assignment/fastq/F7-DAY1_S106/C5.permissive_R1.fastq.gz,/scicore/home/nimwegen/bojani0000/20260806-dna-rna-deconvolution-pipeline/breseq_strain_assignment_pipeline/OUTPUT_breseq_assignment/fastq/F7-DAY1_S106/C5.permissive_R2.fastq.gz,CHL,"['K12', 'B8', 'D2', 'C5', 'H1', 'D5', 'E3']",1,F7
196,F7-DAY1_S106,E3,/scicore/home/nimwegen/bojani0000/Gene_clustering_algorithms/pan-genome-analysis/data/E_coli_backup4/input_GenBank/E3_pilon_round_4_annotated.gbk,strict,/scicore/home/nimwegen/bojani0000/20260806-dna-rna-deconvolution-pipeline/breseq_strain_assignment_pipeline/OUTPUT_breseq_assignment/fastq/F7-DAY1_S106/E3.strict_R1.fastq.gz,/scicore/home/nimwegen/bojani0000/20260806-dna-rna-deconvolution-pipeline/breseq_strain_assignment_pipeline/OUTPUT_breseq_assignment/fastq/F7-DAY1_S106/E3.strict_R2.fastq.gz,CHL,"['K12', 'B8', 'D2', 'C5', 'H1', 'D5', 'E3']",1,F7
197,F7-DAY1_S106,E3,/scicore/home/nimwegen/bojani0000/Gene_clustering_algorithms/pan-genome-analysis/data/E_coli_backup4/input_GenBank/E3_pilon_round_4_annotated.gbk,permissive,/scicore/home/nimwegen/bojani0000/20260806-dna-rna-deconvolution-pipeline/breseq_strain_assignment_pipeline/OUTPUT_breseq_assignment/fastq/F7-DAY1_S106/E3.permissive_R1.fastq.gz,/scicore/home/nimwegen/bojani0000/20260806-dna-rna-deconvolution-pipeline/breseq_strain_assignment_pipeline/OUTPUT_breseq_assignment/fastq/F7-DAY1_S106/E3.permissive_R2.fastq.gz,CHL,"['K12', 'B8', 'D2', 'C5', 'H1', 'D5', 'E3']",1,F7
198,F8-DAY1_S109,B8,/scicore/home/nimwegen/bojani0000/Gene_clustering_algorithms/pan-genome-analysis/data/E_coli_backup4/input_GenBank/B8_pilon_round_4_annotated.gbk,strict,/scicore/home/nimwegen/bojani0000/20260806-dna-rna-deconvolution-pipeline/breseq_strain_assignment_pipeline/OUTPUT_breseq_assignment/fastq/F8-DAY1_S109/B8.strict_R1.fastq.gz,/scicore/home/nimwegen/bojani0000/20260806-dna-rna-deconvolution-pipeline/breseq_strain_assignment_pipeline/OUTPUT_breseq_assignment/fastq/F8-DAY1_S109/B8.strict_R2.fastq.gz,ALA,"['K12', 'B8', 'D2', 'C5', 'H1', 'D5', 'E3']",1,F8
199,F8-DAY1_S109,B8,/scicore/home/nimwegen/bojani0000/Gene_clustering_algorithms/pan-genome-analysis/data/E_coli_backup4/input_GenBank/B8_pilon_round_4_annotated.gbk,permissive,/scicore/home/nimwegen/bojani0000/20260806-dna-rna-deconvolution-pipeline/breseq_strain_assignment_pipeline/OUTPUT_breseq_assignment/fastq/F8-DAY1_S109/B8.permissive_R1.fastq.gz,/scicore/home/nimwegen/bojani0000/20260806-dna-rna-deconvolution-pipeline/breseq_strain_assignment_pipeline/OUTPUT_breseq_assignment/fastq/F8-DAY1_S109/B8.permissive_R2.fastq.gz,ALA,"['K12', 'B8', 'D2', 'C5', 'H1', 'D5', 'E3']",1,F8
200,F8-DAY1_S109,D2,/scicore/home/nimwegen/bojani0000/Gene_clustering_algorithms/pan-genome-analysis/data/E_coli_backup4/input_GenBank/D2_pilon_round_4_annotated.gbk,strict,/scicore/home/nimwegen/bojani0000/20260806-dna-rna-deconvolution-pipeline/breseq_strain_assignment_pipeline/OUTPUT_breseq_assignment/fastq/F8-DAY1_S109/D2.strict_R1.fastq.gz,/scicore/home/nimwegen/bojani0000/20260806-dna-rna-deconvolution-pipeline/breseq_strain_assignment_pipeline/OUTPUT_breseq_assignment/fastq/F8-DAY1_S109/D2.strict_R2.fastq.gz,ALA,"['K12', 'B8', 'D2', 'C5', 'H1', 'D5', 'E3']",1,F8
201,F8-DAY1_S109,D2,/scicore/home/nimwegen/bojani0000/Gene_clustering_algorithms/pan-genome-analysis/data/E_coli_backup4/input_GenBank/D2_pilon_round_4_annotated.gbk,permissive,/scicore/home/nimwegen/bojani0000/20260806-dna-rna-deconvolution-pipeline/breseq_strain_assignment_pipeline/OUTPUT_breseq_assignment/fastq/F8-DAY1_S109/D2.permissive_R1.fastq.gz,/scicore/home/nimwegen/bojani0000/20260806-dna-rna-deconvolution-pipeline/breseq_strain_assignment_pipeline/OUTPUT_breseq_assignment/fastq/F8-DAY1_S109/D2.permissive_R2.fastq.gz,ALA,"['K12', 'B8', 'D2', 'C5', 'H1', 'D5', 'E3']",1,F8
202,F8-DAY1_S109,D5,/scicore/home/nimwegen/bojani0000/Gene_clustering_algorithms/pan-genome-analysis/data/E_coli_backup4/input_GenBank/D5_pilon_round_4_annotated.gbk,strict,/scicore/home/nimwegen/bojani0000/20260806-dna-rna-deconvolution-pipeline/breseq_strain_assignment_pipeline/OUTPUT_breseq_assignment/fastq/F8-DAY1_S109/D5.strict_R1.fastq.gz,/scicore/home/nimwegen/bojani0000/20260806-dna-rna-deconvolution-pipeline/breseq_strain_assignment_pipeline/OUTPUT_breseq_assignment/fastq/F8-DAY1_S109/D5.strict_R2.fastq.gz,ALA,"['K12', 'B8', 'D2', 'C5', 'H1', 'D5', 'E3']",1,F8
203,F8-DAY1_S109,D5,/scicore/home/nimwegen/bojani0000/Gene_clustering_algorithms/pan-genome-analysis/data/E_coli_backup4/input_GenBank/D5_pilon_round_4_annotated.gbk,permissive,/scicore/home/nimwegen/bojani0000/20260806-dna-rna-deconvolution-pipeline/breseq_strain_assignment_pipeline/OUTPUT_breseq_assignment/fastq/F8-DAY1_S109/D5.permissive_R1.fastq.gz,/scicore/home/nimwegen/bojani0000/20260806-dna-rna-deconvolution-pipeline/breseq_strain_assignment_pipeline/OUTPUT_breseq_assignment/fastq/F8-DAY1_S109/D5.permissive_R2.fastq.gz,ALA,"['K12', 'B8', 'D2', 'C5', 'H1', 'D5', 'E3']",1,F8
204,F8-DAY1_S109,E3,/scicore/home/nimwegen/bojani0000/Gene_clustering_algorithms/pan-genome-analysis/data/E_coli_backup4/input_GenBank/E3_pilon_round_4_annotated.gbk,strict,/scicore/home/nimwegen/bojani0000/20260806-dna-rna-deconvolution-pipeline/breseq_strain_assignment_pipeline/OUTPUT_breseq_assignment/fastq/F8-DAY1_S109/E3.strict_R1.fastq.gz,/scicore/home/nimwegen/bojani0000/20260806-dna-rna-deconvolution-pipeline/breseq_strain_assignment_pipeline/OUTPUT_breseq_assignment/fastq/F8-DAY1_S109/E3.strict_R2.fastq.gz,ALA,"['K12', 'B8', 'D2', 'C5', 'H1', 'D5', 'E3']",1,F8
205,F8-DAY1_S109,E3,/scicore/home/nimwegen/bojani0000/Gene_clustering_algorithms/pan-genome-analysis/data/E_coli_backup4/input_GenBank/E3_pilon_round_4_annotated.gbk,permissive,/scicore/home/nimwegen/bojani0000/20260806-dna-rna-deconvolution-pipeline/breseq_strain_assignment_pipeline/OUTPUT_breseq_assignment/fastq/F8-DAY1_S109/E3.permissive_R1.fastq.gz,/scicore/home/nimwegen/bojani0000/20260806-dna-rna-deconvolution-pipeline/breseq_strain_assignment_pipeline/OUTPUT_breseq_assignment/fastq/F8-DAY1_S109/E3.permissive_R2.fastq.gz,ALA,"['K12', 'B8', 'D2', 'C5', 'H1', 'D5', 'E3']",1,F8
206,C8-DAY2_S54,B8,/scicore/home/nimwegen/bojani0000/Gene_clustering_algorithms/pan-genome-analysis/data/E_coli_backup4/input_GenBank/B8_pilon_round_4_annotated.gbk,strict,/scicore/home/nimwegen/bojani0000/20260806-dna-rna-deconvolution-pipeline/breseq_strain_assignment_pipeline/OUTPUT_breseq_assignment/fastq/C8-DAY2_S54/B8.strict_R1.fastq.gz,/scicore/home/nimwegen/bojani0000/20260806-dna-rna-deconvolution-pipeline/breseq_strain_assignment_pipeline/OUTPUT_breseq_assignment/fastq/C8-DAY2_S54/B8.strict_R2.fastq.gz,GLU,"['K12', 'B8', 'D2', 'C5', 'H1', 'D5', 'E3']",2,C8
207,C8-DAY2_S54,B8,/scicore/home/nimwegen/bojani0000/Gene_clustering_algorithms/pan-genome-analysis/data/E_coli_backup4/input_GenBank/B8_pilon_round_4_annotated.gbk,permissive,/scicore/home/nimwegen/bojani0000/20260806-dna-rna-deconvolution-pipeline/breseq_strain_assignment_pipeline/OUTPUT_breseq_assignment/fastq/C8-DAY2_S54/B8.permissive_R1.fastq.gz,/scicore/home/nimwegen/bojani0000/20260806-dna-rna-deconvolution-pipeline/breseq_strain_assignment_pipeline/OUTPUT_breseq_assignment/fastq/C8-DAY2_S54/B8.permissive_R2.fastq.gz,GLU,"['K12', 'B8', 'D2', 'C5', 'H1', 'D5', 'E3']",2,C8
208,C8-DAY2_S54,D2,/scicore/home/nimwegen/bojani0000/Gene_clustering_algorithms/pan-genome-analysis/data/E_coli_backup4/input_GenBank/D2_pilon_round_4_annotated.gbk,strict,/scicore/home/nimwegen/bojani0000/20260806-dna-rna-deconvolution-pipeline/breseq_strain_assignment_pipeline/OUTPUT_breseq_assignment/fastq/C8-DAY2_S54/D2.strict_R1.fastq.gz,/scicore/home/nimwegen/bojani0000/20260806-dna-rna-deconvolution-pipeline/breseq_strain_assignment_pipeline/OUTPUT_breseq_assignment/fastq/C8-DAY2_S54/D2.strict_R2.fastq.gz,GLU,"['K12', 'B8', 'D2', 'C5', 'H1', 'D5', 'E3']",2,C8
209,C8-DAY2_S54,D2,/scicore/home/nimwegen/bojani0000/Gene_clustering_algorithms/pan-genome-analysis/data/E_coli_backup4/input_GenBank/D2_pilon_round_4_annotated.gbk,permissive,/scicore/home/nimwegen/bojani0000/20260806-dna-rna-deconvolution-pipeline/breseq_strain_assignment_pipeline/OUTPUT_breseq_assignment/fastq/C8-DAY2_S54/D2.permissive_R1.fastq.gz,/scicore/home/nimwegen/bojani0000/20260806-dna-rna-deconvolution-pipeline/breseq_strain_assignment_pipeline/OUTPUT_breseq_assignment/fastq/C8-DAY2_S54/D2.permissive_R2.fastq.gz,GLU,"['K12', 'B8', 'D2', 'C5', 'H1', 'D5', 'E3']",2,C8
210,C8-DAY2_S54,E3,/scicore/home/nimwegen/bojani0000/Gene_clustering_algorithms/pan-genome-analysis/data/E_coli_backup4/input_GenBank/E3_pilon_round_4_annotated.gbk,strict,/scicore/home/nimwegen/bojani0000/20260806-dna-rna-deconvolution-pipeline/breseq_strain_assignment_pipeline/OUTPUT_breseq_assignment/fastq/C8-DAY2_S54/E3.strict_R1.fastq.gz,/scicore/home/nimwegen/bojani0000/20260806-dna-rna-deconvolution-pipeline/breseq_strain_assignment_pipeline/OUTPUT_breseq_assignment/fastq/C8-DAY2_S54/E3.strict_R2.fastq.gz,GLU,"['K12', 'B8', 'D2', 'C5', 'H1', 'D5', 'E3']",2,C8
211,C8-DAY2_S54,E3,/scicore/home/nimwegen/bojani0000/Gene_clustering_algorithms/pan-genome-analysis/data/E_coli_backup4/input_GenBank/E3_pilon_round_4_annotated.gbk,permissive,/scicore/home/nimwegen/bojani0000/20260806-dna-rna-deconvolution-pipeline/breseq_strain_assignment_pipeline/OUTPUT_breseq_assignment/fastq/C8-DAY2_S54/E3.permissive_R1.fastq.gz,/scicore/home/nimwegen/bojani0000/20260806-dna-rna-deconvolution-pipeline/breseq_strain_assignment_pipeline/OUTPUT_breseq_assignment/fastq/C8-DAY2_S54/E3.permissive_R2.fastq.gz,GLU,"['K12', 'B8', 'D2', 'C5', 'H1', 'D5', 'E3']",2,C8
212,D5-DAY2_S65,B8,/scicore/home/nimwegen/bojani0000/Gene_clustering_algorithms/pan-genome-analysis/data/E_coli_backup4/input_GenBank/B8_pilon_round_4_annotated.gbk,strict,/scicore/home/nimwegen/bojani0000/20260806-dna-rna-deconvolution-pipeline/breseq_strain_assignment_pipeline/OUTPUT_breseq_assignment/fastq/D5-DAY2_S65/B8.strict_R1.fastq.gz,/scicore/home/nimwegen/bojani0000/20260806-dna-rna-deconvolution-pipeline/breseq_strain_assignment_pipeline/OUTPUT_breseq_assignment/fastq/D5-DAY2_S65/B8.strict_R2.fastq.gz,NACL,"['K12', 'B8', 'D2', 'C5', 'H1', 'D5', 'E3']",2,D5
213,D5-DAY2_S65,B8,/scicore/home/nimwegen/bojani0000/Gene_clustering_algorithms/pan-genome-analysis/data/E_coli_backup4/input_GenBank/B8_pilon_round_4_annotated.gbk,permissive,/scicore/home/nimwegen/bojani0000/20260806-dna-rna-deconvolution-pipeline/breseq_strain_assignment_pipeline/OUTPUT_breseq_assignment/fastq/D5-DAY2_S65/B8.permissive_R1.fastq.gz,/scicore/home/nimwegen/bojani0000/20260806-dna-rna-deconvolution-pipeline/breseq_strain_assignment_pipeline/OUTPUT_breseq_assignment/fastq/D5-DAY2_S65/B8.permissive_R2.fastq.gz,NACL,"['K12', 'B8', 'D2', 'C5', 'H1', 'D5', 'E3']",2,D5
214,D5-DAY2_S65,D2,/scicore/home/nimwegen/bojani0000/Gene_clustering_algorithms/pan-genome-analysis/data/E_coli_backup4/input_GenBank/D2_pilon_round_4_annotated.gbk,strict,/scicore/home/nimwegen/bojani0000/20260806-dna-rna-deconvolution-pipeline/breseq_strain_assignment_pipeline/OUTPUT_breseq_assignment/fastq/D5-DAY2_S65/D2.strict_R1.fastq.gz,/scicore/home/nimwegen/bojani0000/20260806-dna-rna-deconvolution-pipeline/breseq_strain_assignment_pipeline/OUTPUT_breseq_assignment/fastq/D5-DAY2_S65/D2.strict_R2.fastq.gz,NACL,"['K12', 'B8', 'D2', 'C5', 'H1', 'D5', 'E3']",2,D5
215,D5-DAY2_S65,D2,/scicore/home/nimwegen/bojani0000/Gene_clustering_algorithms/pan-genome-analysis/data/E_coli_backup4/input_GenBank/D2_pilon_round_4_annotated.gbk,permissive,/scicore/home/nimwegen/bojani0000/20260806-dna-rna-deconvolution-pipeline/breseq_strain_assignment_pipeline/OUTPUT_breseq_assignment/fastq/D5-DAY2_S65/D2.permissive_R1.fastq.gz,/scicore/home/nimwegen/bojani0000/20260806-dna-rna-deconvolution-pipeline/breseq_strain_assignment_pipeline/OUTPUT_breseq_assignment/fastq/D5-DAY2_S65/D2.permissive_R2.fastq.gz,NACL,"['K12', 'B8', 'D2', 'C5', 'H1', 'D5', 'E3']",2,D5
216,D5-DAY2_S65,D5,/scicore/home/nimwegen/bojani0000/Gene_clustering_algorithms/pan-genome-analysis/data/E_coli_backup4/input_GenBank/D5_pilon_round_4_annotated.gbk,strict,/scicore/home/nimwegen/bojani0000/20260806-dna-rna-deconvolution-pipeline/breseq_strain_assignment_pipeline/OUTPUT_breseq_assignment/fastq/D5-DAY2_S65/D5.strict_R1.fastq.gz,/scicore/home/nimwegen/bojani0000/20260806-dna-rna-deconvolution-pipeline/breseq_strain_assignment_pipeline/OUTPUT_breseq_assignment/fastq/D5-DAY2_S65/D5.strict_R2.fastq.gz,NACL,"['K12', 'B8', 'D2', 'C5', 'H1', 'D5', 'E3']",2,D5
217,D5-DAY2_S65,D5,/scicore/home/nimwegen/bojani0000/Gene_clustering_algorithms/pan-genome-analysis/data/E_coli_backup4/input_GenBank/D5_pilon_round_4_annotated.gbk,permissive,/scicore/home/nimwegen/bojani0000/20260806-dna-rna-deconvolution-pipeline/breseq_strain_assignment_pipeline/OUTPUT_breseq_assignment/fastq/D5-DAY2_S65/D5.permissive_R1.fastq.gz,/scicore/home/nimwegen/bojani0000/20260806-dna-rna-deconvolution-pipeline/breseq_strain_assignment_pipeline/OUTPUT_breseq_assignment/fastq/D5-DAY2_S65/D5.permissive_R2.fastq.gz,NACL,"['K12', 'B8', 'D2', 'C5', 'H1', 'D5', 'E3']",2,D5
218,D6-DAY2_S69,C5,/scicore/home/nimwegen/bojani0000/Gene_clustering_algorithms/pan-genome-analysis/data/E_coli_backup4/input_GenBank/C5_pilon_round_4_annotated.gbk,strict,/scicore/home/nimwegen/bojani0000/20260806-dna-rna-deconvolution-pipeline/breseq_strain_assignment_pipeline/OUTPUT_breseq_assignment/fastq/D6-DAY2_S69/C5.strict_R1.fastq.gz,/scicore/home/nimwegen/bojani0000/20260806-dna-rna-deconvolution-pipeline/breseq_strain_assignment_pipeline/OUTPUT_breseq_assignment/fastq/D6-DAY2_S69/C5.strict_R2.fastq.gz,PH,"['K12', 'B8', 'D2', 'C5', 'H1', 'D5', 'E3']",2,D6
219,D6-DAY2_S69,C5,/scicore/home/nimwegen/bojani0000/Gene_clustering_algorithms/pan-genome-analysis/data/E_coli_backup4/input_GenBank/C5_pilon_round_4_annotated.gbk,permissive,/scicore/home/nimwegen/bojani0000/20260806-dna-rna-deconvolution-pipeline/breseq_strain_assignment_pipeline/OUTPUT_breseq_assignment/fastq/D6-DAY2_S69/C5.permissive_R1.fastq.gz,/scicore/home/nimwegen/bojani0000/20260806-dna-rna-deconvolution-pipeline/breseq_strain_assignment_pipeline/OUTPUT_breseq_assignment/fastq/D6-DAY2_S69/C5.permissive_R2.fastq.gz,PH,"['K12', 'B8', 'D2', 'C5', 'H1', 'D5', 'E3']",2,D6
220,D7-DAY2_S71,C5,/scicore/home/nimwegen/bojani0000/Gene_clustering_algorithms/pan-genome-analysis/data/E_coli_backup4/input_GenBank/C5_pilon_round_4_annotated.gbk,strict,/scicore/home/nimwegen/bojani0000/20260806-dna-rna-deconvolution-pipeline/breseq_strain_assignment_pipeline/OUTPUT_breseq_assignment/fastq/D7-DAY2_S71/C5.strict_R1.fastq.gz,/scicore/home/nimwegen/bojani0000/20260806-dna-rna-deconvolution-pipeline/breseq_strain_assignment_pipeline/OUTPUT_breseq_assignment/fastq/D7-DAY2_S71/C5.strict_R2.fastq.gz,CHL,"['K12', 'B8', 'D2', 'C5', 'H1', 'D5', 'E3']",2,D7
221,D7-DAY2_S71,C5,/scicore/home/nimwegen/bojani0000/Gene_clustering_algorithms/pan-genome-analysis/data/E_coli_backup4/input_GenBank/C5_pilon_round_4_annotated.gbk,permissive,/scicore/home/nimwegen/bojani0000/20260806-dna-rna-deconvolution-pipeline/breseq_strain_assignment_pipeline/OUTPUT_breseq_assignment/fastq/D7-DAY2_S71/C5.permissive_R1.fastq.gz,/scicore/home/nimwegen/bojani0000/20260806-dna-rna-deconvolution-pipeline/breseq_strain_assignment_pipeline/OUTPUT_breseq_assignment/fastq/D7-DAY2_S71/C5.permissive_R2.fastq.gz,CHL,"['K12', 'B8', 'D2', 'C5', 'H1', 'D5', 'E3']",2,D7
222,D7-DAY2_S71,E3,/scicore/home/nimwegen/bojani0000/Gene_clustering_algorithms/pan-genome-analysis/data/E_coli_backup4/input_GenBank/E3_pilon_round_4_annotated.gbk,strict,/scicore/home/nimwegen/bojani0000/20260806-dna-rna-deconvolution-pipeline/breseq_strain_assignment_pipeline/OUTPUT_breseq_assignment/fastq/D7-DAY2_S71/E3.strict_R1.fastq.gz,/scicore/home/nimwegen/bojani0000/20260806-dna-rna-deconvolution-pipeline/breseq_strain_assignment_pipeline/OUTPUT_breseq_assignment/fastq/D7-DAY2_S71/E3.strict_R2.fastq.gz,CHL,"['K12', 'B8', 'D2', 'C5', 'H1', 'D5', 'E3']",2,D7
223,D7-DAY2_S71,E3,/scicore/home/nimwegen/bojani0000/Gene_clustering_algorithms/pan-genome-analysis/data/E_coli_backup4/input_GenBank/E3_pilon_round_4_annotated.gbk,permissive,/scicore/home/nimwegen/bojani0000/20260806-dna-rna-deconvolution-pipeline/breseq_strain_assignment_pipeline/OUTPUT_breseq_assignment/fastq/D7-DAY2_S71/E3.permissive_R1.fastq.gz,/scicore/home/nimwegen/bojani0000/20260806-dna-rna-deconvolution-pipeline/breseq_strain_assignment_pipeline/OUTPUT_breseq_assignment/fastq/D7-DAY2_S71/E3.permissive_R2.fastq.gz,CHL,"['K12', 'B8', 'D2', 'C5', 'H1', 'D5', 'E3']",2,D7
224,D8-DAY2_S74,D5,/scicore/home/nimwegen/bojani0000/Gene_clustering_algorithms/pan-genome-analysis/data/E_coli_backup4/input_GenBank/D5_pilon_round_4_annotated.gbk,strict,/scicore/home/nimwegen/bojani0000/20260806-dna-rna-deconvolution-pipeline/breseq_strain_assignment_pipeline/OUTPUT_breseq_assignment/fastq/D8-DAY2_S74/D5.strict_R1.fastq.gz,/scicore/home/nimwegen/bojani0000/20260806-dna-rna-deconvolution-pipeline/breseq_strain_assignment_pipeline/OUTPUT_breseq_assignment/fastq/D8-DAY2_S74/D5.strict_R2.fastq.gz,ALA,"['K12', 'B8', 'D2', 'C5', 'H1', 'D5', 'E3']",2,D8
225,D8-DAY2_S74,D5,/scicore/home/nimwegen/bojani0000/Gene_clustering_algorithms/pan-genome-analysis/data/E_coli_backup4/input_GenBank/D5_pilon_round_4_annotated.gbk,permissive,/scicore/home/nimwegen/bojani0000/20260806-dna-rna-deconvolution-pipeline/breseq_strain_assignment_pipeline/OUTPUT_breseq_assignment/fastq/D8-DAY2_S74/D5.permissive_R1.fastq.gz,/scicore/home/nimwegen/bojani0000/20260806-dna-rna-deconvolution-pipeline/breseq_strain_assignment_pipeline/OUTPUT_breseq_assignment/fastq/D8-DAY2_S74/D5.permissive_R2.fastq.gz,ALA,"['K12', 'B8', 'D2', 'C5', 'H1', 'D5', 'E3']",2,D8
226,D8-DAY2_S74,E3,/scicore/home/nimwegen/bojani0000/Gene_clustering_algorithms/pan-genome-analysis/data/E_coli_backup4/input_GenBank/E3_pilon_round_4_annotated.gbk,strict,/scicore/home/nimwegen/bojani0000/20260806-dna-rna-deconvolution-pipeline/breseq_strain_assignment_pipeline/OUTPUT_breseq_assignment/fastq/D8-DAY2_S74/E3.strict_R1.fastq.gz,/scicore/home/nimwegen/bojani0000/20260806-dna-rna-deconvolution-pipeline/breseq_strain_assignment_pipeline/OUTPUT_breseq_assignment/fastq/D8-DAY2_S74/E3.strict_R2.fastq.gz,ALA,"['K12', 'B8', 'D2', 'C5', 'H1', 'D5', 'E3']",2,D8
227,D8-DAY2_S74,E3,/scicore/home/nimwegen/bojani0000/Gene_clustering_algorithms/pan-genome-analysis/data/E_coli_backup4/input_GenBank/E3_pilon_round_4_annotated.gbk,permissive,/scicore/home/nimwegen/bojani0000/20260806-dna-rna-deconvolution-pipeline/breseq_strain_assignment_pipeline/OUTPUT_breseq_assignment/fastq/D8-DAY2_S74/E3.permissive_R1.fastq.gz,/scicore/home/nimwegen/bojani0000/20260806-dna-rna-deconvolution-pipeline/breseq_strain_assignment_pipeline/OUTPUT_breseq_assignment/fastq/D8-DAY2_S74/E3.permissive_R2.fastq.gz,ALA,"['K12', 'B8', 'D2', 'C5', 'H1', 'D5', 'E3']",2,D8
228,E5-DAY2_S81,B8,/scicore/home/nimwegen/bojani0000/Gene_clustering_algorithms/pan-genome-analysis/data/E_coli_backup4/input_GenBank/B8_pilon_round_4_annotated.gbk,strict,/scicore/home/nimwegen/bojani0000/20260806-dna-rna-deconvolution-pipeline/breseq_strain_assignment_pipeline/OUTPUT_breseq_assignment/fastq/E5-DAY2_S81/B8.strict_R1.fastq.gz,/scicore/home/nimwegen/bojani0000/20260806-dna-rna-deconvolution-pipeline/breseq_strain_assignment_pipeline/OUTPUT_breseq_assignment/fastq/E5-DAY2_S81/B8.strict_R2.fastq.gz,GLU,"['K12', 'B8', 'D2', 'C5', 'H1', 'D5', 'E3']",2,E5
229,E5-DAY2_S81,B8,/scicore/home/nimwegen/bojani0000/Gene_clustering_algorithms/pan-genome-analysis/data/E_coli_backup4/input_GenBank/B8_pilon_round_4_annotated.gbk,permissive,/scicore/home/nimwegen/bojani0000/20260806-dna-rna-deconvolution-pipeline/breseq_strain_assignment_pipeline/OUTPUT_breseq_assignment/fastq/E5-DAY2_S81/B8.permissive_R1.fastq.gz,/scicore/home/nimwegen/bojani0000/20260806-dna-rna-deconvolution-pipeline/breseq_strain_assignment_pipeline/OUTPUT_breseq_assignment/fastq/E5-DAY2_S81/B8.permissive_R2.fastq.gz,GLU,"['K12', 'B8', 'D2', 'C5', 'H1', 'D5', 'E3']",2,E5
230,E5-DAY2_S81,D2,/scicore/home/nimwegen/bojani0000/Gene_clustering_algorithms/pan-genome-analysis/data/E_coli_backup4/input_GenBank/D2_pilon_round_4_annotated.gbk,strict,/scicore/home/nimwegen/bojani0000/20260806-dna-rna-deconvolution-pipeline/breseq_strain_assignment_pipeline/OUTPUT_breseq_assignment/fastq/E5-DAY2_S81/D2.strict_R1.fastq.gz,/scicore/home/nimwegen/bojani0000/20260806-dna-rna-deconvolution-pipeline/breseq_strain_assignment_pipeline/OUTPUT_breseq_assignment/fastq/E5-DAY2_S81/D2.strict_R2.fastq.gz,GLU,"['K12', 'B8', 'D2', 'C5', 'H1', 'D5', 'E3']",2,E5
231,E5-DAY2_S81,D2,/scicore/home/nimwegen/bojani0000/Gene_clustering_algorithms/pan-genome-analysis/data/E_coli_backup4/input_GenBank/D2_pilon_round_4_annotated.gbk,permissive,/scicore/home/nimwegen/bojani0000/20260806-dna-rna-deconvolution-pipeline/breseq_strain_assignment_pipeline/OUTPUT_breseq_assignment/fastq/E5-DAY2_S81/D2.permissive_R1.fastq.gz,/scicore/home/nimwegen/bojani0000/20260806-dna-rna-deconvolution-pipeline/breseq_strain_assignment_pipeline/OUTPUT_breseq_assignment/fastq/E5-DAY2_S81/D2.permissive_R2.fastq.gz,GLU,"['K12', 'B8', 'D2', 'C5', 'H1', 'D5', 'E3']",2,E5
232,E5-DAY2_S81,E3,/scicore/home/nimwegen/bojani0000/Gene_clustering_algorithms/pan-genome-analysis/data/E_coli_backup4/input_GenBank/E3_pilon_round_4_annotated.gbk,strict,/scicore/home/nimwegen/bojani0000/20260806-dna-rna-deconvolution-pipeline/breseq_strain_assignment_pipeline/OUTPUT_breseq_assignment/fastq/E5-DAY2_S81/E3.strict_R1.fastq.gz,/scicore/home/nimwegen/bojani0000/20260806-dna-rna-deconvolution-pipeline/breseq_strain_assignment_pipeline/OUTPUT_breseq_assignment/fastq/E5-DAY2_S81/E3.strict_R2.fastq.gz,GLU,"['K12', 'B8', 'D2', 'C5', 'H1', 'D5', 'E3']",2,E5
233,E5-DAY2_S81,E3,/scicore/home/nimwegen/bojani0000/Gene_clustering_algorithms/pan-genome-analysis/data/E_coli_backup4/input_GenBank/E3_pilon_round_4_annotated.gbk,permissive,/scicore/home/nimwegen/bojani0000/20260806-dna-rna-deconvolution-pipeline/breseq_strain_assignment_pipeline/OUTPUT_breseq_assignment/fastq/E5-DAY2_S81/E3.permissive_R1.fastq.gz,/scicore/home/nimwegen/bojani0000/20260806-dna-rna-deconvolution-pipeline/breseq_strain_assignment_pipeline/OUTPUT_breseq_assignment/fastq/E5-DAY2_S81/E3.permissive_R2.fastq.gz,GLU,"['K12', 'B8', 'D2', 'C5', 'H1', 'D5', 'E3']",2,E5
234,E6-DAY2_S84,B8,/scicore/home/nimwegen/bojani0000/Gene_clustering_algorithms/pan-genome-analysis/data/E_coli_backup4/input_GenBank/B8_pilon_round_4_annotated.gbk,strict,/scicore/home/nimwegen/bojani0000/20260806-dna-rna-deconvolution-pipeline/breseq_strain_assignment_pipeline/OUTPUT_breseq_assignment/fastq/E6-DAY2_S84/B8.strict_R1.fastq.gz,/scicore/home/nimwegen/bojani0000/20260806-dna-rna-deconvolution-pipeline/breseq_strain_assignment_pipeline/OUTPUT_breseq_assignment/fastq/E6-DAY2_S84/B8.strict_R2.fastq.gz,NACL,"['K12', 'B8', 'D2', 'C5', 'H1', 'D5', 'E3']",2,E6
235,E6-DAY2_S84,B8,/scicore/home/nimwegen/bojani0000/Gene_clustering_algorithms/pan-genome-analysis/data/E_coli_backup4/input_GenBank/B8_pilon_round_4_annotated.gbk,permissive,/scicore/home/nimwegen/bojani0000/20260806-dna-rna-deconvolution-pipeline/breseq_strain_assignment_pipeline/OUTPUT_breseq_assignment/fastq/E6-DAY2_S84/B8.permissive_R1.fastq.gz,/scicore/home/nimwegen/bojani0000/20260806-dna-rna-deconvolution-pipeline/breseq_strain_assignment_pipeline/OUTPUT_breseq_assignment/fastq/E6-DAY2_S84/B8.permissive_R2.fastq.gz,NACL,"['K12', 'B8', 'D2', 'C5', 'H1', 'D5', 'E3']",2,E6
236,E6-DAY2_S84,D2,/scicore/home/nimwegen/bojani0000/Gene_clustering_algorithms/pan-genome-analysis/data/E_coli_backup4/input_GenBank/D2_pilon_round_4_annotated.gbk,strict,/scicore/home/nimwegen/bojani0000/20260806-dna-rna-deconvolution-pipeline/breseq_strain_assignment_pipeline/OUTPUT_breseq_assignment/fastq/E6-DAY2_S84/D2.strict_R1.fastq.gz,/scicore/home/nimwegen/bojani0000/20260806-dna-rna-deconvolution-pipeline/breseq_strain_assignment_pipeline/OUTPUT_breseq_assignment/fastq/E6-DAY2_S84/D2.strict_R2.fastq.gz,NACL,"['K12', 'B8', 'D2', 'C5', 'H1', 'D5', 'E3']",2,E6
237,E6-DAY2_S84,D2,/scicore/home/nimwegen/bojani0000/Gene_clustering_algorithms/pan-genome-analysis/data/E_coli_backup4/input_GenBank/D2_pilon_round_4_annotated.gbk,permissive,/scicore/home/nimwegen/bojani0000/20260806-dna-rna-deconvolution-pipeline/breseq_strain_assignment_pipeline/OUTPUT_breseq_assignment/fastq/E6-DAY2_S84/D2.permissive_R1.fastq.gz,/scicore/home/nimwegen/bojani0000/20260806-dna-rna-deconvolution-pipeline/breseq_strain_assignment_pipeline/OUTPUT_breseq_assignment/fastq/E6-DAY2_S84/D2.permissive_R2.fastq.gz,NACL,"['K12', 'B8', 'D2', 'C5', 'H1', 'D5', 'E3']",2,E6
238,E6-DAY2_S84,D5,/scicore/home/nimwegen/bojani0000/Gene_clustering_algorithms/pan-genome-analysis/data/E_coli_backup4/input_GenBank/D5_pilon_round_4_annotated.gbk,strict,/scicore/home/nimwegen/bojani0000/20260806-dna-rna-deconvolution-pipeline/breseq_strain_assignment_pipeline/OUTPUT_breseq_assignment/fastq/E6-DAY2_S84/D5.strict_R1.fastq.gz,/scicore/home/nimwegen/bojani0000/20260806-dna-rna-deconvolution-pipeline/breseq_strain_assignment_pipeline/OUTPUT_breseq_assignment/fastq/E6-DAY2_S84/D5.strict_R2.fastq.gz,NACL,"['K12', 'B8', 'D2', 'C5', 'H1', 'D5', 'E3']",2,E6
239,E6-DAY2_S84,D5,/scicore/home/nimwegen/bojani0000/Gene_clustering_algorithms/pan-genome-analysis/data/E_coli_backup4/input_GenBank/D5_pilon_round_4_annotated.gbk,permissive,/scicore/home/nimwegen/bojani0000/20260806-dna-rna-deconvolution-pipeline/breseq_strain_assignment_pipeline/OUTPUT_breseq_assignment/fastq/E6-DAY2_S84/D5.permissive_R1.fastq.gz,/scicore/home/nimwegen/bojani0000/20260806-dna-rna-deconvolution-pipeline/breseq_strain_assignment_pipeline/OUTPUT_breseq_assignment/fastq/E6-DAY2_S84/D5.permissive_R2.fastq.gz,NACL,"['K12', 'B8', 'D2', 'C5', 'H1', 'D5', 'E3']",2,E6
240,E7-DAY2_S87,B8,/scicore/home/nimwegen/bojani0000/Gene_clustering_algorithms/pan-genome-analysis/data/E_coli_backup4/input_GenBank/B8_pilon_round_4_annotated.gbk,strict,/scicore/home/nimwegen/bojani0000/20260806-dna-rna-deconvolution-pipeline/breseq_strain_assignment_pipeline/OUTPUT_breseq_assignment/fastq/E7-DAY2_S87/B8.strict_R1.fastq.gz,/scicore/home/nimwegen/bojani0000/20260806-dna-rna-deconvolution-pipeline/breseq_strain_assignment_pipeline/OUTPUT_breseq_assignment/fastq/E7-DAY2_S87/B8.strict_R2.fastq.gz,PH,"['K12', 'B8', 'D2', 'C5', 'H1', 'D5', 'E3']",2,E7
241,E7-DAY2_S87,B8,/scicore/home/nimwegen/bojani0000/Gene_clustering_algorithms/pan-genome-analysis/data/E_coli_backup4/input_GenBank/B8_pilon_round_4_annotated.gbk,permissive,/scicore/home/nimwegen/bojani0000/20260806-dna-rna-deconvolution-pipeline/breseq_strain_assignment_pipeline/OUTPUT_breseq_assignment/fastq/E7-DAY2_S87/B8.permissive_R1.fastq.gz,/scicore/home/nimwegen/bojani0000/20260806-dna-rna-deconvolution-pipeline/breseq_strain_assignment_pipeline/OUTPUT_breseq_assignment/fastq/E7-DAY2_S87/B8.permissive_R2.fastq.gz,PH,"['K12', 'B8', 'D2', 'C5', 'H1', 'D5', 'E3']",2,E7
242,E7-DAY2_S87,C5,/scicore/home/nimwegen/bojani0000/Gene_clustering_algorithms/pan-genome-analysis/data/E_coli_backup4/input_GenBank/C5_pilon_round_4_annotated.gbk,strict,/scicore/home/nimwegen/bojani0000/20260806-dna-rna-deconvolution-pipeline/breseq_strain_assignment_pipeline/OUTPUT_breseq_assignment/fastq/E7-DAY2_S87/C5.strict_R1.fastq.gz,/scicore/home/nimwegen/bojani0000/20260806-dna-rna-deconvolution-pipeline/breseq_strain_assignment_pipeline/OUTPUT_breseq_assignment/fastq/E7-DAY2_S87/C5.strict_R2.fastq.gz,PH,"['K12', 'B8', 'D2', 'C5', 'H1', 'D5', 'E3']",2,E7
243,E7-DAY2_S87,C5,/scicore/home/nimwegen/bojani0000/Gene_clustering_algorithms/pan-genome-analysis/data/E_coli_backup4/input_GenBank/C5_pilon_round_4_annotated.gbk,permissive,/scicore/home/nimwegen/bojani0000/20260806-dna-rna-deconvolution-pipeline/breseq_strain_assignment_pipeline/OUTPUT_breseq_assignment/fastq/E7-DAY2_S87/C5.permissive_R1.fastq.gz,/scicore/home/nimwegen/bojani0000/20260806-dna-rna-deconvolution-pipeline/breseq_strain_assignment_pipeline/OUTPUT_breseq_assignment/fastq/E7-DAY2_S87/C5.permissive_R2.fastq.gz,PH,"['K12', 'B8', 'D2', 'C5', 'H1', 'D5', 'E3']",2,E7
244,E8-DAY2_S90,C5,/scicore/home/nimwegen/bojani0000/Gene_clustering_algorithms/pan-genome-analysis/data/E_coli_backup4/input_GenBank/C5_pilon_round_4_annotated.gbk,strict,/scicore/home/nimwegen/bojani0000/20260806-dna-rna-deconvolution-pipeline/breseq_strain_assignment_pipeline/OUTPUT_breseq_assignment/fastq/E8-DAY2_S90/C5.strict_R1.fastq.gz,/scicore/home/nimwegen/bojani0000/20260806-dna-rna-deconvolution-pipeline/breseq_strain_assignment_pipeline/OUTPUT_breseq_assignment/fastq/E8-DAY2_S90/C5.strict_R2.fastq.gz,CHL,"['K12', 'B8', 'D2', 'C5', 'H1', 'D5', 'E3']",2,E8
245,E8-DAY2_S90,C5,/scicore/home/nimwegen/bojani0000/Gene_clustering_algorithms/pan-genome-analysis/data/E_coli_backup4/input_GenBank/C5_pilon_round_4_annotated.gbk,permissive,/scicore/home/nimwegen/bojani0000/20260806-dna-rna-deconvolution-pipeline/breseq_strain_assignment_pipeline/OUTPUT_breseq_assignment/fastq/E8-DAY2_S90/C5.permissive_R1.fastq.gz,/scicore/home/nimwegen/bojani0000/20260806-dna-rna-deconvolution-pipeline/breseq_strain_assignment_pipeline/OUTPUT_breseq_assignment/fastq/E8-DAY2_S90/C5.permissive_R2.fastq.gz,CHL,"['K12', 'B8', 'D2', 'C5', 'H1', 'D5', 'E3']",2,E8
246,E8-DAY2_S90,E3,/scicore/home/nimwegen/bojani0000/Gene_clustering_algorithms/pan-genome-analysis/data/E_coli_backup4/input_GenBank/E3_pilon_round_4_annotated.gbk,strict,/scicore/home/nimwegen/bojani0000/20260806-dna-rna-deconvolution-pipeline/breseq_strain_assignment_pipeline/OUTPUT_breseq_assignment/fastq/E8-DAY2_S90/E3.strict_R1.fastq.gz,/scicore/home/nimwegen/bojani0000/20260806-dna-rna-deconvolution-pipeline/breseq_strain_assignment_pipeline/OUTPUT_breseq_assignment/fastq/E8-DAY2_S90/E3.strict_R2.fastq.gz,CHL,"['K12', 'B8', 'D2', 'C5', 'H1', 'D5', 'E3']",2,E8
247,E8-DAY2_S90,E3,/scicore/home/nimwegen/bojani0000/Gene_clustering_algorithms/pan-genome-analysis/data/E_coli_backup4/input_GenBank/E3_pilon_round_4_annotated.gbk,permissive,/scicore/home/nimwegen/bojani0000/20260806-dna-rna-deconvolution-pipeline/breseq_strain_assignment_pipeline/OUTPUT_breseq_assignment/fastq/E8-DAY2_S90/E3.permissive_R1.fastq.gz,/scicore/home/nimwegen/bojani0000/20260806-dna-rna-deconvolution-pipeline/breseq_strain_assignment_pipeline/OUTPUT_breseq_assignment/fastq/E8-DAY2_S90/E3.permissive_R2.fastq.gz,CHL,"['K12', 'B8', 'D2', 'C5', 'H1', 'D5', 'E3']",2,E8
248,F3-DAY2_S95,D5,/scicore/home/nimwegen/bojani0000/Gene_clustering_algorithms/pan-genome-analysis/data/E_coli_backup4/input_GenBank/D5_pilon_round_4_annotated.gbk,strict,/scicore/home/nimwegen/bojani0000/20260806-dna-rna-deconvolution-pipeline/breseq_strain_assignment_pipeline/OUTPUT_breseq_assignment/fastq/F3-DAY2_S95/D5.strict_R1.fastq.gz,/scicore/home/nimwegen/bojani0000/20260806-dna-rna-deconvolution-pipeline/breseq_strain_assignment_pipeline/OUTPUT_breseq_assignment/fastq/F3-DAY2_S95/D5.strict_R2.fastq.gz,ALA,"['K12', 'B8', 'D2', 'C5', 'H1', 'D5', 'E3']",2,F3
249,F3-DAY2_S95,D5,/scicore/home/nimwegen/bojani0000/Gene_clustering_algorithms/pan-genome-analysis/data/E_coli_backup4/input_GenBank/D5_pilon_round_4_annotated.gbk,permissive,/scicore/home/nimwegen/bojani0000/20260806-dna-rna-deconvolution-pipeline/breseq_strain_assignment_pipeline/OUTPUT_breseq_assignment/fastq/F3-DAY2_S95/D5.permissive_R1.fastq.gz,/scicore/home/nimwegen/bojani0000/20260806-dna-rna-deconvolution-pipeline/breseq_strain_assignment_pipeline/OUTPUT_breseq_assignment/fastq/F3-DAY2_S95/D5.permissive_R2.fastq.gz,ALA,"['K12', 'B8', 'D2', 'C5', 'H1', 'D5', 'E3']",2,F3
250,F3-DAY2_S95,E3,/scicore/home/nimwegen/bojani0000/Gene_clustering_algorithms/pan-genome-analysis/data/E_coli_backup4/input_GenBank/E3_pilon_round_4_annotated.gbk,strict,/scicore/home/nimwegen/bojani0000/20260806-dna-rna-deconvolution-pipeline/breseq_strain_assignment_pipeline/OUTPUT_breseq_assignment/fastq/F3-DAY2_S95/E3.strict_R1.fastq.gz,/scicore/home/nimwegen/bojani0000/20260806-dna-rna-deconvolution-pipeline/breseq_strain_assignment_pipeline/OUTPUT_breseq_assignment/fastq/F3-DAY2_S95/E3.strict_R2.fastq.gz,ALA,"['K12', 'B8', 'D2', 'C5', 'H1', 'D5', 'E3']",2,F3
251,F3-DAY2_S95,E3,/scicore/home/nimwegen/bojani0000/Gene_clustering_algorithms/pan-genome-analysis/data/E_coli_backup4/input_GenBank/E3_pilon_round_4_annotated.gbk,permissive,/scicore/home/nimwegen/bojani0000/20260806-dna-rna-deconvolution-pipeline/breseq_strain_assignment_pipeline/OUTPUT_breseq_assignment/fastq/F3-DAY2_S95/E3.permissive_R1.fastq.gz,/scicore/home/nimwegen/bojani0000/20260806-dna-rna-deconvolution-pipeline/breseq_strain_assignment_pipeline/OUTPUT_breseq_assignment/fastq/F3-DAY2_S95/E3.permissive_R2.fastq.gz,ALA,"['K12', 'B8', 'D2', 'C5', 'H1', 'D5', 'E3']",2,F3
252,F4-DAY2_S98,B8,/scicore/home/nimwegen/bojani0000/Gene_clustering_algorithms/pan-genome-analysis/data/E_coli_backup4/input_GenBank/B8_pilon_round_4_annotated.gbk,strict,/scicore/home/nimwegen/bojani0000/20260806-dna-rna-deconvolution-pipeline/breseq_strain_assignment_pipeline/OUTPUT_breseq_assignment/fastq/F4-DAY2_S98/B8.strict_R1.fastq.gz,/scicore/home/nimwegen/bojani0000/20260806-dna-rna-deconvolution-pipeline/breseq_strain_assignment_pipeline/OUTPUT_breseq_assignment/fastq/F4-DAY2_S98/B8.strict_R2.fastq.gz,GLU,"['K12', 'B8', 'D2', 'C5', 'H1', 'D5', 'E3']",2,F4
253,F4-DAY2_S98,B8,/scicore/home/nimwegen/bojani0000/Gene_clustering_algorithms/pan-genome-analysis/data/E_coli_backup4/input_GenBank/B8_pilon_round_4_annotated.gbk,permissive,/scicore/home/nimwegen/bojani0000/20260806-dna-rna-deconvolution-pipeline/breseq_strain_assignment_pipeline/OUTPUT_breseq_assignment/fastq/F4-DAY2_S98/B8.permissive_R1.fastq.gz,/scicore/home/nimwegen/bojani0000/20260806-dna-rna-deconvolution-pipeline/breseq_strain_assignment_pipeline/OUTPUT_breseq_assignment/fastq/F4-DAY2_S98/B8.permissive_R2.fastq.gz,GLU,"['K12', 'B8', 'D2', 'C5', 'H1', 'D5', 'E3']",2,F4
254,F4-DAY2_S98,D2,/scicore/home/nimwegen/bojani0000/Gene_clustering_algorithms/pan-genome-analysis/data/E_coli_backup4/input_GenBank/D2_pilon_round_4_annotated.gbk,strict,/scicore/home/nimwegen/bojani0000/20260806-dna-rna-deconvolution-pipeline/breseq_strain_assignment_pipeline/OUTPUT_breseq_assignment/fastq/F4-DAY2_S98/D2.strict_R1.fastq.gz,/scicore/home/nimwegen/bojani0000/20260806-dna-rna-deconvolution-pipeline/breseq_strain_assignment_pipeline/OUTPUT_breseq_assignment/fastq/F4-DAY2_S98/D2.strict_R2.fastq.gz,GLU,"['K12', 'B8', 'D2', 'C5', 'H1', 'D5', 'E3']",2,F4
255,F4-DAY2_S98,D2,/scicore/home/nimwegen/bojani0000/Gene_clustering_algorithms/pan-genome-analysis/data/E_coli_backup4/input_GenBank/D2_pilon_round_4_annotated.gbk,permissive,/scicore/home/nimwegen/bojani0000/20260806-dna-rna-deconvolution-pipeline/breseq_strain_assignment_pipeline/OUTPUT_breseq_assignment/fastq/F4-DAY2_S98/D2.permissive_R1.fastq.gz,/scicore/home/nimwegen/bojani0000/20260806-dna-rna-deconvolution-pipeline/breseq_strain_assignment_pipeline/OUTPUT_breseq_assignment/fastq/F4-DAY2_S98/D2.permissive_R2.fastq.gz,GLU,"['K12', 'B8', 'D2', 'C5', 'H1', 'D5', 'E3']",2,F4
256,F4-DAY2_S98,E3,/scicore/home/nimwegen/bojani0000/Gene_clustering_algorithms/pan-genome-analysis/data/E_coli_backup4/input_GenBank/E3_pilon_round_4_annotated.gbk,strict,/scicore/home/nimwegen/bojani0000/20260806-dna-rna-deconvolution-pipeline/breseq_strain_assignment_pipeline/OUTPUT_breseq_assignment/fastq/F4-DAY2_S98/E3.strict_R1.fastq.gz,/scicore/home/nimwegen/bojani0000/20260806-dna-rna-deconvolution-pipeline/breseq_strain_assignment_pipeline/OUTPUT_breseq_assignment/fastq/F4-DAY2_S98/E3.strict_R2.fastq.gz,GLU,"['K12', 'B8', 'D2', 'C5', 'H1', 'D5', 'E3']",2,F4
257,F4-DAY2_S98,E3,/scicore/home/nimwegen/bojani0000/Gene_clustering_algorithms/pan-genome-analysis/data/E_coli_backup4/input_GenBank/E3_pilon_round_4_annotated.gbk,permissive,/scicore/home/nimwegen/bojani0000/20260806-dna-rna-deconvolution-pipeline/breseq_strain_assignment_pipeline/OUTPUT_breseq_assignment/fastq/F4-DAY2_S98/E3.permissive_R1.fastq.gz,/scicore/home/nimwegen/bojani0000/20260806-dna-rna-deconvolution-pipeline/breseq_strain_assignment_pipeline/OUTPUT_breseq_assignment/fastq/F4-DAY2_S98/E3.permissive_R2.fastq.gz,GLU,"['K12', 'B8', 'D2', 'C5', 'H1', 'D5', 'E3']",2,F4
258,F5-DAY2_S101,B8,/scicore/home/nimwegen/bojani0000/Gene_clustering_algorithms/pan-genome-analysis/data/E_coli_backup4/input_GenBank/B8_pilon_round_4_annotated.gbk,strict,/scicore/home/nimwegen/bojani0000/20260806-dna-rna-deconvolution-pipeline/breseq_strain_assignment_pipeline/OUTPUT_breseq_assignment/fastq/F5-DAY2_S101/B8.strict_R1.fastq.gz,/scicore/home/nimwegen/bojani0000/20260806-dna-rna-deconvolution-pipeline/breseq_strain_assignment_pipeline/OUTPUT_breseq_assignment/fastq/F5-DAY2_S101/B8.strict_R2.fastq.gz,NACL,"['K12', 'B8', 'D2', 'C5', 'H1', 'D5', 'E3']",2,F5
259,F5-DAY2_S101,B8,/scicore/home/nimwegen/bojani0000/Gene_clustering_algorithms/pan-genome-analysis/data/E_coli_backup4/input_GenBank/B8_pilon_round_4_annotated.gbk,permissive,/scicore/home/nimwegen/bojani0000/20260806-dna-rna-deconvolution-pipeline/breseq_strain_assignment_pipeline/OUTPUT_breseq_assignment/fastq/F5-DAY2_S101/B8.permissive_R1.fastq.gz,/scicore/home/nimwegen/bojani0000/20260806-dna-rna-deconvolution-pipeline/breseq_strain_assignment_pipeline/OUTPUT_breseq_assignment/fastq/F5-DAY2_S101/B8.permissive_R2.fastq.gz,NACL,"['K12', 'B8', 'D2', 'C5', 'H1', 'D5', 'E3']",2,F5
260,F5-DAY2_S101,D2,/scicore/home/nimwegen/bojani0000/Gene_clustering_algorithms/pan-genome-analysis/data/E_coli_backup4/input_GenBank/D2_pilon_round_4_annotated.gbk,strict,/scicore/home/nimwegen/bojani0000/20260806-dna-rna-deconvolution-pipeline/breseq_strain_assignment_pipeline/OUTPUT_breseq_assignment/fastq/F5-DAY2_S101/D2.strict_R1.fastq.gz,/scicore/home/nimwegen/bojani0000/20260806-dna-rna-deconvolution-pipeline/breseq_strain_assignment_pipeline/OUTPUT_breseq_assignment/fastq/F5-DAY2_S101/D2.strict_R2.fastq.gz,NACL,"['K12', 'B8', 'D2', 'C5', 'H1', 'D5', 'E3']",2,F5
261,F5-DAY2_S101,D2,/scicore/home/nimwegen/bojani0000/Gene_clustering_algorithms/pan-genome-analysis/data/E_coli_backup4/input_GenBank/D2_pilon_round_4_annotated.gbk,permissive,/scicore/home/nimwegen/bojani0000/20260806-dna-rna-deconvolution-pipeline/breseq_strain_assignment_pipeline/OUTPUT_breseq_assignment/fastq/F5-DAY2_S101/D2.permissive_R1.fastq.gz,/scicore/home/nimwegen/bojani0000/20260806-dna-rna-deconvolution-pipeline/breseq_strain_assignment_pipeline/OUTPUT_breseq_assignment/fastq/F5-DAY2_S101/D2.permissive_R2.fastq.gz,NACL,"['K12', 'B8', 'D2', 'C5', 'H1', 'D5', 'E3']",2,F5
262,F5-DAY2_S101,D5,/scicore/home/nimwegen/bojani0000/Gene_clustering_algorithms/pan-genome-analysis/data/E_coli_backup4/input_GenBank/D5_pilon_round_4_annotated.gbk,strict,/scicore/home/nimwegen/bojani0000/20260806-dna-rna-deconvolution-pipeline/breseq_strain_assignment_pipeline/OUTPUT_breseq_assignment/fastq/F5-DAY2_S101/D5.strict_R1.fastq.gz,/scicore/home/nimwegen/bojani0000/20260806-dna-rna-deconvolution-pipeline/breseq_strain_assignment_pipeline/OUTPUT_breseq_assignment/fastq/F5-DAY2_S101/D5.strict_R2.fastq.gz,NACL,"['K12', 'B8', 'D2', 'C5', 'H1', 'D5', 'E3']",2,F5
263,F5-DAY2_S101,D5,/scicore/home/nimwegen/bojani0000/Gene_clustering_algorithms/pan-genome-analysis/data/E_coli_backup4/input_GenBank/D5_pilon_round_4_annotated.gbk,permissive,/scicore/home/nimwegen/bojani0000/20260806-dna-rna-deconvolution-pipeline/breseq_strain_assignment_pipeline/OUTPUT_breseq_assignment/fastq/F5-DAY2_S101/D5.permissive_R1.fastq.gz,/scicore/home/nimwegen/bojani0000/20260806-dna-rna-deconvolution-pipeline/breseq_strain_assignment_pipeline/OUTPUT_breseq_assignment/fastq/F5-DAY2_S101/D5.permissive_R2.fastq.gz,NACL,"['K12', 'B8', 'D2', 'C5', 'H1', 'D5', 'E3']",2,F5
264,F6-DAY2_S104,C5,/scicore/home/nimwegen/bojani0000/Gene_clustering_algorithms/pan-genome-analysis/data/E_coli_backup4/input_GenBank/C5_pilon_round_4_annotated.gbk,strict,/scicore/home/nimwegen/bojani0000/20260806-dna-rna-deconvolution-pipeline/breseq_strain_assignment_pipeline/OUTPUT_breseq_assignment/fastq/F6-DAY2_S104/C5.strict_R1.fastq.gz,/scicore/home/nimwegen/bojani0000/20260806-dna-rna-deconvolution-pipeline/breseq_strain_assignment_pipeline/OUTPUT_breseq_assignment/fastq/F6-DAY2_S104/C5.strict_R2.fastq.gz,PH,"['K12', 'B8', 'D2', 'C5', 'H1', 'D5', 'E3']",2,F6
265,F6-DAY2_S104,C5,/scicore/home/nimwegen/bojani0000/Gene_clustering_algorithms/pan-genome-analysis/data/E_coli_backup4/input_GenBank/C5_pilon_round_4_annotated.gbk,permissive,/scicore/home/nimwegen/bojani0000/20260806-dna-rna-deconvolution-pipeline/breseq_strain_assignment_pipeline/OUTPUT_breseq_assignment/fastq/F6-DAY2_S104/C5.permissive_R1.fastq.gz,/scicore/home/nimwegen/bojani0000/20260806-dna-rna-deconvolution-pipeline/breseq_strain_assignment_pipeline/OUTPUT_breseq_assignment/fastq/F6-DAY2_S104/C5.permissive_R2.fastq.gz,PH,"['K12', 'B8', 'D2', 'C5', 'H1', 'D5', 'E3']",2,F6
266,F6-DAY2_S104,E3,/scicore/home/nimwegen/bojani0000/Gene_clustering_algorithms/pan-genome-analysis/data/E_coli_backup4/input_GenBank/E3_pilon_round_4_annotated.gbk,strict,/scicore/home/nimwegen/bojani0000/20260806-dna-rna-deconvolution-pipeline/breseq_strain_assignment_pipeline/OUTPUT_breseq_assignment/fastq/F6-DAY2_S104/E3.strict_R1.fastq.gz,/scicore/home/nimwegen/bojani0000/20260806-dna-rna-deconvolution-pipeline/breseq_strain_assignment_pipeline/OUTPUT_breseq_assignment/fastq/F6-DAY2_S104/E3.strict_R2.fastq.gz,PH,"['K12', 'B8', 'D2', 'C5', 'H1', 'D5', 'E3']",2,F6
267,F6-DAY2_S104,E3,/scicore/home/nimwegen/bojani0000/Gene_clustering_algorithms/pan-genome-analysis/data/E_coli_backup4/input_GenBank/E3_pilon_round_4_annotated.gbk,permissive,/scicore/home/nimwegen/bojani0000/20260806-dna-rna-deconvolution-pipeline/breseq_strain_assignment_pipeline/OUTPUT_breseq_assignment/fastq/F6-DAY2_S104/E3.permissive_R1.fastq.gz,/scicore/home/nimwegen/bojani0000/20260806-dna-rna-deconvolution-pipeline/breseq_strain_assignment_pipeline/OUTPUT_breseq_assignment/fastq/F6-DAY2_S104/E3.permissive_R2.fastq.gz,PH,"['K12', 'B8', 'D2', 'C5', 'H1', 'D5', 'E3']",2,F6
268,F7-DAY2_S107,C5,/scicore/home/nimwegen/bojani0000/Gene_clustering_algorithms/pan-genome-analysis/data/E_coli_backup4/input_GenBank/C5_pilon_round_4_annotated.gbk,strict,/scicore/home/nimwegen/bojani0000/20260806-dna-rna-deconvolution-pipeline/breseq_strain_assignment_pipeline/OUTPUT_breseq_assignment/fastq/F7-DAY2_S107/C5.strict_R1.fastq.gz,/scicore/home/nimwegen/bojani0000/20260806-dna-rna-deconvolution-pipeline/breseq_strain_assignment_pipeline/OUTPUT_breseq_assignment/fastq/F7-DAY2_S107/C5.strict_R2.fastq.gz,CHL,"['K12', 'B8', 'D2', 'C5', 'H1', 'D5', 'E3']",2,F7
269,F7-DAY2_S107,C5,/scicore/home/nimwegen/bojani0000/Gene_clustering_algorithms/pan-genome-analysis/data/E_coli_backup4/input_GenBank/C5_pilon_round_4_annotated.gbk,permissive,/scicore/home/nimwegen/bojani0000/20260806-dna-rna-deconvolution-pipeline/breseq_strain_assignment_pipeline/OUTPUT_breseq_assignment/fastq/F7-DAY2_S107/C5.permissive_R1.fastq.gz,/scicore/home/nimwegen/bojani0000/20260806-dna-rna-deconvolution-pipeline/breseq_strain_assignment_pipeline/OUTPUT_breseq_assignment/fastq/F7-DAY2_S107/C5.permissive_R2.fastq.gz,CHL,"['K12', 'B8', 'D2', 'C5', 'H1', 'D5', 'E3']",2,F7
270,F7-DAY2_S107,E3,/scicore/home/nimwegen/bojani0000/Gene_clustering_algorithms/pan-genome-analysis/data/E_coli_backup4/input_GenBank/E3_pilon_round_4_annotated.gbk,strict,/scicore/home/nimwegen/bojani0000/20260806-dna-rna-deconvolution-pipeline/breseq_strain_assignment_pipeline/OUTPUT_breseq_assignment/fastq/F7-DAY2_S107/E3.strict_R1.fastq.gz,/scicore/home/nimwegen/bojani0000/20260806-dna-rna-deconvolution-pipeline/breseq_strain_assignment_pipeline/OUTPUT_breseq_assignment/fastq/F7-DAY2_S107/E3.strict_R2.fastq.gz,CHL,"['K12', 'B8', 'D2', 'C5', 'H1', 'D5', 'E3']",2,F7
271,F7-DAY2_S107,E3,/scicore/home/nimwegen/bojani0000/Gene_clustering_algorithms/pan-genome-analysis/data/E_coli_backup4/input_GenBank/E3_pilon_round_4_annotated.gbk,permissive,/scicore/home/nimwegen/bojani0000/20260806-dna-rna-deconvolution-pipeline/breseq_strain_assignment_pipeline/OUTPUT_breseq_assignment/fastq/F7-DAY2_S107/E3.permissive_R1.fastq.gz,/scicore/home/nimwegen/bojani0000/20260806-dna-rna-deconvolution-pipeline/breseq_strain_assignment_pipeline/OUTPUT_breseq_assignment/fastq/F7-DAY2_S107/E3.permissive_R2.fastq.gz,CHL,"['K12', 'B8', 'D2', 'C5', 'H1', 'D5', 'E3']",2,F7
272,F8-DAY2_S110,D5,/scicore/home/nimwegen/bojani0000/Gene_clustering_algorithms/pan-genome-analysis/data/E_coli_backup4/input_GenBank/D5_pilon_round_4_annotated.gbk,strict,/scicore/home/nimwegen/bojani0000/20260806-dna-rna-deconvolution-pipeline/breseq_strain_assignment_pipeline/OUTPUT_breseq_assignment/fastq/F8-DAY2_S110/D5.strict_R1.fastq.gz,/scicore/home/nimwegen/bojani0000/20260806-dna-rna-deconvolution-pipeline/breseq_strain_assignment_pipeline/OUTPUT_breseq_assignment/fastq/F8-DAY2_S110/D5.strict_R2.fastq.gz,ALA,"['K12', 'B8', 'D2', 'C5', 'H1', 'D5', 'E3']",2,F8
273,F8-DAY2_S110,D5,/scicore/home/nimwegen/bojani0000/Gene_clustering_algorithms/pan-genome-analysis/data/E_coli_backup4/input_GenBank/D5_pilon_round_4_annotated.gbk,permissive,/scicore/home/nimwegen/bojani0000/20260806-dna-rna-deconvolution-pipeline/breseq_strain_assignment_pipeline/OUTPUT_breseq_assignment/fastq/F8-DAY2_S110/D5.permissive_R1.fastq.gz,/scicore/home/nimwegen/bojani0000/20260806-dna-rna-deconvolution-pipeline/breseq_strain_assignment_pipeline/OUTPUT_breseq_assignment/fastq/F8-DAY2_S110/D5.permissive_R2.fastq.gz,ALA,"['K12', 'B8', 'D2', 'C5', 'H1', 'D5', 'E3']",2,F8
274,F8-DAY2_S110,E3,/scicore/home/nimwegen/bojani0000/Gene_clustering_algorithms/pan-genome-analysis/data/E_coli_backup4/input_GenBank/E3_pilon_round_4_annotated.gbk,strict,/scicore/home/nimwegen/bojani0000/20260806-dna-rna-deconvolution-pipeline/breseq_strain_assignment_pipeline/OUTPUT_breseq_assignment/fastq/F8-DAY2_S110/E3.strict_R1.fastq.gz,/scicore/home/nimwegen/bojani0000/20260806-dna-rna-deconvolution-pipeline/breseq_strain_assignment_pipeline/OUTPUT_breseq_assignment/fastq/F8-DAY2_S110/E3.strict_R2.fastq.gz,ALA,"['K12', 'B8', 'D2', 'C5', 'H1', 'D5', 'E3']",2,F8
275,F8-DAY2_S110,E3,/scicore/home/nimwegen/bojani0000/Gene_clustering_algorithms/pan-genome-analysis/data/E_coli_backup4/input_GenBank/E3_pilon_round_4_annotated.gbk,permissive,/scicore/home/nimwegen/bojani0000/20260806-dna-rna-deconvolution-pipeline/breseq_strain_assignment_pipeline/OUTPUT_breseq_assignment/fastq/F8-DAY2_S110/E3.permissive_R1.fastq.gz,/scicore/home/nimwegen/bojani0000/20260806-dna-rna-deconvolution-pipeline/breseq_strain_assignment_pipeline/OUTPUT_breseq_assignment/fastq/F8-DAY2_S110/E3.permissive_R2.fastq.gz,ALA,"['K12', 'B8', 'D2', 'C5', 'H1', 'D5', 'E3']",2,F8
276,A2-DAY4_S05,C5,/scicore/home/nimwegen/bojani0000/Gene_clustering_algorithms/pan-genome-analysis/data/E_coli_backup4/input_GenBank/C5_pilon_round_4_annotated.gbk,strict,/scicore/home/nimwegen/bojani0000/20260806-dna-rna-deconvolution-pipeline/breseq_strain_assignment_pipeline/OUTPUT_breseq_assignment/fastq/A2-DAY4_S05/C5.strict_R1.fastq.gz,/scicore/home/nimwegen/bojani0000/20260806-dna-rna-deconvolution-pipeline/breseq_strain_assignment_pipeline/OUTPUT_breseq_assignment/fastq/A2-DAY4_S05/C5.strict_R2.fastq.gz,CHL,"['K12', 'C5']",4,A2
277,A2-DAY4_S05,C5,/scicore/home/nimwegen/bojani0000/Gene_clustering_algorithms/pan-genome-analysis/data/E_coli_backup4/input_GenBank/C5_pilon_round_4_annotated.gbk,permissive,/scicore/home/nimwegen/bojani0000/20260806-dna-rna-deconvolution-pipeline/breseq_strain_assignment_pipeline/OUTPUT_breseq_assignment/fastq/A2-DAY4_S05/C5.permissive_R1.fastq.gz,/scicore/home/nimwegen/bojani0000/20260806-dna-rna-deconvolution-pipeline/breseq_strain_assignment_pipeline/OUTPUT_breseq_assignment/fastq/A2-DAY4_S05/C5.permissive_R2.fastq.gz,CHL,"['K12', 'C5']",4,A2
278,A5-DAY4_S10,E3,/scicore/home/nimwegen/bojani0000/Gene_clustering_algorithms/pan-genome-analysis/data/E_coli_backup4/input_GenBank/E3_pilon_round_4_annotated.gbk,strict,/scicore/home/nimwegen/bojani0000/20260806-dna-rna-deconvolution-pipeline/breseq_strain_assignment_pipeline/OUTPUT_breseq_assignment/fastq/A5-DAY4_S10/E3.strict_R1.fastq.gz,/scicore/home/nimwegen/bojani0000/20260806-dna-rna-deconvolution-pipeline/breseq_strain_assignment_pipeline/OUTPUT_breseq_assignment/fastq/A5-DAY4_S10/E3.strict_R2.fastq.gz,CHL,"['K12', 'E3']",4,A5
279,A5-DAY4_S10,E3,/scicore/home/nimwegen/bojani0000/Gene_clustering_algorithms/pan-genome-analysis/data/E_coli_backup4/input_GenBank/E3_pilon_round_4_annotated.gbk,permissive,/scicore/home/nimwegen/bojani0000/20260806-dna-rna-deconvolution-pipeline/breseq_strain_assignment_pipeline/OUTPUT_breseq_assignment/fastq/A5-DAY4_S10/E3.permissive_R1.fastq.gz,/scicore/home/nimwegen/bojani0000/20260806-dna-rna-deconvolution-pipeline/breseq_strain_assignment_pipeline/OUTPUT_breseq_assignment/fastq/A5-DAY4_S10/E3.permissive_R2.fastq.gz,CHL,"['K12', 'E3']",4,A5
280,A6-DAY4_S12,H1,/scicore/home/nimwegen/bojani0000/Gene_clustering_algorithms/pan-genome-analysis/data/E_coli_backup4/input_GenBank/H1_pilon_round_4_annotated.gbk,strict,/scicore/home/nimwegen/bojani0000/20260806-dna-rna-deconvolution-pipeline/breseq_strain_assignment_pipeline/OUTPUT_breseq_assignment/fastq/A6-DAY4_S12/H1.strict_R1.fastq.gz,/scicore/home/nimwegen/bojani0000/20260806-dna-rna-deconvolution-pipeline/breseq_strain_assignment_pipeline/OUTPUT_breseq_assignment/fastq/A6-DAY4_S12/H1.strict_R2.fastq.gz,CHL,"['K12', 'H1']",4,A6
281,A6-DAY4_S12,H1,/scicore/home/nimwegen/bojani0000/Gene_clustering_algorithms/pan-genome-analysis/data/E_coli_backup4/input_GenBank/H1_pilon_round_4_annotated.gbk,permissive,/scicore/home/nimwegen/bojani0000/20260806-dna-rna-deconvolution-pipeline/breseq_strain_assignment_pipeline/OUTPUT_breseq_assignment/fastq/A6-DAY4_S12/H1.permissive_R1.fastq.gz,/scicore/home/nimwegen/bojani0000/20260806-dna-rna-deconvolution-pipeline/breseq_strain_assignment_pipeline/OUTPUT_breseq_assignment/fastq/A6-DAY4_S12/H1.permissive_R2.fastq.gz,CHL,"['K12', 'H1']",4,A6
282,A7-DAY4_S14,C5,/scicore/home/nimwegen/bojani0000/Gene_clustering_algorithms/pan-genome-analysis/data/E_coli_backup4/input_GenBank/C5_pilon_round_4_annotated.gbk,strict,/scicore/home/nimwegen/bojani0000/20260806-dna-rna-deconvolution-pipeline/breseq_strain_assignment_pipeline/OUTPUT_breseq_assignment/fastq/A7-DAY4_S14/C5.strict_R1.fastq.gz,/scicore/home/nimwegen/bojani0000/20260806-dna-rna-deconvolution-pipeline/breseq_strain_assignment_pipeline/OUTPUT_breseq_assignment/fastq/A7-DAY4_S14/C5.strict_R2.fastq.gz,CHL,"['K12', 'D2', 'C5', 'H1', 'D5', 'E3']",4,A7
283,A7-DAY4_S14,C5,/scicore/home/nimwegen/bojani0000/Gene_clustering_algorithms/pan-genome-analysis/data/E_coli_backup4/input_GenBank/C5_pilon_round_4_annotated.gbk,permissive,/scicore/home/nimwegen/bojani0000/20260806-dna-rna-deconvolution-pipeline/breseq_strain_assignment_pipeline/OUTPUT_breseq_assignment/fastq/A7-DAY4_S14/C5.permissive_R1.fastq.gz,/scicore/home/nimwegen/bojani0000/20260806-dna-rna-deconvolution-pipeline/breseq_strain_assignment_pipeline/OUTPUT_breseq_assignment/fastq/A7-DAY4_S14/C5.permissive_R2.fastq.gz,CHL,"['K12', 'D2', 'C5', 'H1', 'D5', 'E3']",4,A7
284,A8-DAY4_S15,H1,/scicore/home/nimwegen/bojani0000/Gene_clustering_algorithms/pan-genome-analysis/data/E_coli_backup4/input_GenBank/H1_pilon_round_4_annotated.gbk,strict,/scicore/home/nimwegen/bojani0000/20260806-dna-rna-deconvolution-pipeline/breseq_strain_assignment_pipeline/OUTPUT_breseq_assignment/fastq/A8-DAY4_S15/H1.strict_R1.fastq.gz,/scicore/home/nimwegen/bojani0000/20260806-dna-rna-deconvolution-pipeline/breseq_strain_assignment_pipeline/OUTPUT_breseq_assignment/fastq/A8-DAY4_S15/H1.strict_R2.fastq.gz,CHL,"['K12', 'B8', 'D2', 'H1', 'D5', 'E3']",4,A8
285,A8-DAY4_S15,H1,/scicore/home/nimwegen/bojani0000/Gene_clustering_algorithms/pan-genome-analysis/data/E_coli_backup4/input_GenBank/H1_pilon_round_4_annotated.gbk,permissive,/scicore/home/nimwegen/bojani0000/20260806-dna-rna-deconvolution-pipeline/breseq_strain_assignment_pipeline/OUTPUT_breseq_assignment/fastq/A8-DAY4_S15/H1.permissive_R1.fastq.gz,/scicore/home/nimwegen/bojani0000/20260806-dna-rna-deconvolution-pipeline/breseq_strain_assignment_pipeline/OUTPUT_breseq_assignment/fastq/A8-DAY4_S15/H1.permissive_R2.fastq.gz,CHL,"['K12', 'B8', 'D2', 'H1', 'D5', 'E3']",4,A8
286,B1-DAY4_S27,H1,/scicore/home/nimwegen/bojani0000/Gene_clustering_algorithms/pan-genome-analysis/data/E_coli_backup4/input_GenBank/H1_pilon_round_4_annotated.gbk,strict,/scicore/home/nimwegen/bojani0000/20260806-dna-rna-deconvolution-pipeline/breseq_strain_assignment_pipeline/OUTPUT_breseq_assignment/fastq/B1-DAY4_S27/H1.strict_R1.fastq.gz,/scicore/home/nimwegen/bojani0000/20260806-dna-rna-deconvolution-pipeline/breseq_strain_assignment_pipeline/OUTPUT_breseq_assignment/fastq/B1-DAY4_S27/H1.strict_R2.fastq.gz,CHL,"['B8', 'H1']",4,B1
287,B1-DAY4_S27,H1,/scicore/home/nimwegen/bojani0000/Gene_clustering_algorithms/pan-genome-analysis/data/E_coli_backup4/input_GenBank/H1_pilon_round_4_annotated.gbk,permissive,/scicore/home/nimwegen/bojani0000/20260806-dna-rna-deconvolution-pipeline/breseq_strain_assignment_pipeline/OUTPUT_breseq_assignment/fastq/B1-DAY4_S27/H1.permissive_R1.fastq.gz,/scicore/home/nimwegen/bojani0000/20260806-dna-rna-deconvolution-pipeline/breseq_strain_assignment_pipeline/OUTPUT_breseq_assignment/fastq/B1-DAY4_S27/H1.permissive_R2.fastq.gz,CHL,"['B8', 'H1']",4,B1
288,B2-DAY4_S29,C5,/scicore/home/nimwegen/bojani0000/Gene_clustering_algorithms/pan-genome-analysis/data/E_coli_backup4/input_GenBank/C5_pilon_round_4_annotated.gbk,strict,/scicore/home/nimwegen/bojani0000/20260806-dna-rna-deconvolution-pipeline/breseq_strain_assignment_pipeline/OUTPUT_breseq_assignment/fastq/B2-DAY4_S29/C5.strict_R1.fastq.gz,/scicore/home/nimwegen/bojani0000/20260806-dna-rna-deconvolution-pipeline/breseq_strain_assignment_pipeline/OUTPUT_breseq_assignment/fastq/B2-DAY4_S29/C5.strict_R2.fastq.gz,CHL,"['C5', 'H1']",4,B2
289,B2-DAY4_S29,C5,/scicore/home/nimwegen/bojani0000/Gene_clustering_algorithms/pan-genome-analysis/data/E_coli_backup4/input_GenBank/C5_pilon_round_4_annotated.gbk,permissive,/scicore/home/nimwegen/bojani0000/20260806-dna-rna-deconvolution-pipeline/breseq_strain_assignment_pipeline/OUTPUT_breseq_assignment/fastq/B2-DAY4_S29/C5.permissive_R1.fastq.gz,/scicore/home/nimwegen/bojani0000/20260806-dna-rna-deconvolution-pipeline/breseq_strain_assignment_pipeline/OUTPUT_breseq_assignment/fastq/B2-DAY4_S29/C5.permissive_R2.fastq.gz,CHL,"['C5', 'H1']",4,B2
290,B3-DAY4_S31,H1,/scicore/home/nimwegen/bojani0000/Gene_clustering_algorithms/pan-genome-analysis/data/E_coli_backup4/input_GenBank/H1_pilon_round_4_annotated.gbk,strict,/scicore/home/nimwegen/bojani0000/20260806-dna-rna-deconvolution-pipeline/breseq_strain_assignment_pipeline/OUTPUT_breseq_assignment/fastq/B3-DAY4_S31/H1.strict_R1.fastq.gz,/scicore/home/nimwegen/bojani0000/20260806-dna-rna-deconvolution-pipeline/breseq_strain_assignment_pipeline/OUTPUT_breseq_assignment/fastq/B3-DAY4_S31/H1.strict_R2.fastq.gz,CHL,"['D2', 'H1']",4,B3
291,B3-DAY4_S31,H1,/scicore/home/nimwegen/bojani0000/Gene_clustering_algorithms/pan-genome-analysis/data/E_coli_backup4/input_GenBank/H1_pilon_round_4_annotated.gbk,permissive,/scicore/home/nimwegen/bojani0000/20260806-dna-rna-deconvolution-pipeline/breseq_strain_assignment_pipeline/OUTPUT_breseq_assignment/fastq/B3-DAY4_S31/H1.permissive_R1.fastq.gz,/scicore/home/nimwegen/bojani0000/20260806-dna-rna-deconvolution-pipeline/breseq_strain_assignment_pipeline/OUTPUT_breseq_assignment/fastq/B3-DAY4_S31/H1.permissive_R2.fastq.gz,CHL,"['D2', 'H1']",4,B3
292,B4-DAY4_S32,H1,/scicore/home/nimwegen/bojani0000/Gene_clustering_algorithms/pan-genome-analysis/data/E_coli_backup4/input_GenBank/H1_pilon_round_4_annotated.gbk,strict,/scicore/home/nimwegen/bojani0000/20260806-dna-rna-deconvolution-pipeline/breseq_strain_assignment_pipeline/OUTPUT_breseq_assignment/fastq/B4-DAY4_S32/H1.strict_R1.fastq.gz,/scicore/home/nimwegen/bojani0000/20260806-dna-rna-deconvolution-pipeline/breseq_strain_assignment_pipeline/OUTPUT_breseq_assignment/fastq/B4-DAY4_S32/H1.strict_R2.fastq.gz,CHL,"['H1', 'D5']",4,B4
293,B4-DAY4_S32,H1,/scicore/home/nimwegen/bojani0000/Gene_clustering_algorithms/pan-genome-analysis/data/E_coli_backup4/input_GenBank/H1_pilon_round_4_annotated.gbk,permissive,/scicore/home/nimwegen/bojani0000/20260806-dna-rna-deconvolution-pipeline/breseq_strain_assignment_pipeline/OUTPUT_breseq_assignment/fastq/B4-DAY4_S32/H1.permissive_R1.fastq.gz,/scicore/home/nimwegen/bojani0000/20260806-dna-rna-deconvolution-pipeline/breseq_strain_assignment_pipeline/OUTPUT_breseq_assignment/fastq/B4-DAY4_S32/H1.permissive_R2.fastq.gz,CHL,"['H1', 'D5']",4,B4
294,B5-DAY4_S34,H1,/scicore/home/nimwegen/bojani0000/Gene_clustering_algorithms/pan-genome-analysis/data/E_coli_backup4/input_GenBank/H1_pilon_round_4_annotated.gbk,strict,/scicore/home/nimwegen/bojani0000/20260806-dna-rna-deconvolution-pipeline/breseq_strain_assignment_pipeline/OUTPUT_breseq_assignment/fastq/B5-DAY4_S34/H1.strict_R1.fastq.gz,/scicore/home/nimwegen/bojani0000/20260806-dna-rna-deconvolution-pipeline/breseq_strain_assignment_pipeline/OUTPUT_breseq_assignment/fastq/B5-DAY4_S34/H1.strict_R2.fastq.gz,CHL,"['H1', 'E3']",4,B5
295,B5-DAY4_S34,H1,/scicore/home/nimwegen/bojani0000/Gene_clustering_algorithms/pan-genome-analysis/data/E_coli_backup4/input_GenBank/H1_pilon_round_4_annotated.gbk,permissive,/scicore/home/nimwegen/bojani0000/20260806-dna-rna-deconvolution-pipeline/breseq_strain_assignment_pipeline/OUTPUT_breseq_assignment/fastq/B5-DAY4_S34/H1.permissive_R1.fastq.gz,/scicore/home/nimwegen/bojani0000/20260806-dna-rna-deconvolution-pipeline/breseq_strain_assignment_pipeline/OUTPUT_breseq_assignment/fastq/B5-DAY4_S34/H1.permissive_R2.fastq.gz,CHL,"['H1', 'E3']",4,B5
296,B7-DAY4_S38,C5,/scicore/home/nimwegen/bojani0000/Gene_clustering_algorithms/pan-genome-analysis/data/E_coli_backup4/input_GenBank/C5_pilon_round_4_annotated.gbk,strict,/scicore/home/nimwegen/bojani0000/20260806-dna-rna-deconvolution-pipeline/breseq_strain_assignment_pipeline/OUTPUT_breseq_assignment/fastq/B7-DAY4_S38/C5.strict_R1.fastq.gz,/scicore/home/nimwegen/bojani0000/20260806-dna-rna-deconvolution-pipeline/breseq_strain_assignment_pipeline/OUTPUT_breseq_assignment/fastq/B7-DAY4_S38/C5.strict_R2.fastq.gz,CHL,"['K12', 'B8', 'D2', 'C5', 'H1', 'E3']",4,B7
297,B7-DAY4_S38,C5,/scicore/home/nimwegen/bojani0000/Gene_clustering_algorithms/pan-genome-analysis/data/E_coli_backup4/input_GenBank/C5_pilon_round_4_annotated.gbk,permissive,/scicore/home/nimwegen/bojani0000/20260806-dna-rna-deconvolution-pipeline/breseq_strain_assignment_pipeline/OUTPUT_breseq_assignment/fastq/B7-DAY4_S38/C5.permissive_R1.fastq.gz,/scicore/home/nimwegen/bojani0000/20260806-dna-rna-deconvolution-pipeline/breseq_strain_assignment_pipeline/OUTPUT_breseq_assignment/fastq/B7-DAY4_S38/C5.permissive_R2.fastq.gz,CHL,"['K12', 'B8', 'D2', 'C5', 'H1', 'E3']",4,B7
298,C1-DAY4_S42,E3,/scicore/home/nimwegen/bojani0000/Gene_clustering_algorithms/pan-genome-analysis/data/E_coli_backup4/input_GenBank/E3_pilon_round_4_annotated.gbk,strict,/scicore/home/nimwegen/bojani0000/20260806-dna-rna-deconvolution-pipeline/breseq_strain_assignment_pipeline/OUTPUT_breseq_assignment/fastq/C1-DAY4_S42/E3.strict_R1.fastq.gz,/scicore/home/nimwegen/bojani0000/20260806-dna-rna-deconvolution-pipeline/breseq_strain_assignment_pipeline/OUTPUT_breseq_assignment/fastq/C1-DAY4_S42/E3.strict_R2.fastq.gz,CHL,"['B8', 'E3']",4,C1
299,C1-DAY4_S42,E3,/scicore/home/nimwegen/bojani0000/Gene_clustering_algorithms/pan-genome-analysis/data/E_coli_backup4/input_GenBank/E3_pilon_round_4_annotated.gbk,permissive,/scicore/home/nimwegen/bojani0000/20260806-dna-rna-deconvolution-pipeline/breseq_strain_assignment_pipeline/OUTPUT_breseq_assignment/fastq/C1-DAY4_S42/E3.permissive_R1.fastq.gz,/scicore/home/nimwegen/bojani0000/20260806-dna-rna-deconvolution-pipeline/breseq_strain_assignment_pipeline/OUTPUT_breseq_assignment/fastq/C1-DAY4_S42/E3.permissive_R2.fastq.gz,CHL,"['B8', 'E3']",4,C1
300,C2-DAY4_S44,C5,/scicore/home/nimwegen/bojani0000/Gene_clustering_algorithms/pan-genome-analysis/data/E_coli_backup4/input_GenBank/C5_pilon_round_4_annotated.gbk,strict,/scicore/home/nimwegen/bojani0000/20260806-dna-rna-deconvolution-pipeline/breseq_strain_assignment_pipeline/OUTPUT_breseq_assignment/fastq/C2-DAY4_S44/C5.strict_R1.fastq.gz,/scicore/home/nimwegen/bojani0000/20260806-dna-rna-deconvolution-pipeline/breseq_strain_assignment_pipeline/OUTPUT_breseq_assignment/fastq/C2-DAY4_S44/C5.strict_R2.fastq.gz,CHL,"['C5', 'E3']",4,C2
301,C2-DAY4_S44,C5,/scicore/home/nimwegen/bojani0000/Gene_clustering_algorithms/pan-genome-analysis/data/E_coli_backup4/input_GenBank/C5_pilon_round_4_annotated.gbk,permissive,/scicore/home/nimwegen/bojani0000/20260806-dna-rna-deconvolution-pipeline/breseq_strain_assignment_pipeline/OUTPUT_breseq_assignment/fastq/C2-DAY4_S44/C5.permissive_R1.fastq.gz,/scicore/home/nimwegen/bojani0000/20260806-dna-rna-deconvolution-pipeline/breseq_strain_assignment_pipeline/OUTPUT_breseq_assignment/fastq/C2-DAY4_S44/C5.permissive_R2.fastq.gz,CHL,"['C5', 'E3']",4,C2
302,C3-DAY4_S46,E3,/scicore/home/nimwegen/bojani0000/Gene_clustering_algorithms/pan-genome-analysis/data/E_coli_backup4/input_GenBank/E3_pilon_round_4_annotated.gbk,strict,/scicore/home/nimwegen/bojani0000/20260806-dna-rna-deconvolution-pipeline/breseq_strain_assignment_pipeline/OUTPUT_breseq_assignment/fastq/C3-DAY4_S46/E3.strict_R1.fastq.gz,/scicore/home/nimwegen/bojani0000/20260806-dna-rna-deconvolution-pipeline/breseq_strain_assignment_pipeline/OUTPUT_breseq_assignment/fastq/C3-DAY4_S46/E3.strict_R2.fastq.gz,CHL,"['D2', 'E3']",4,C3
303,C3-DAY4_S46,E3,/scicore/home/nimwegen/bojani0000/Gene_clustering_algorithms/pan-genome-analysis/data/E_coli_backup4/input_GenBank/E3_pilon_round_4_annotated.gbk,permissive,/scicore/home/nimwegen/bojani0000/20260806-dna-rna-deconvolution-pipeline/breseq_strain_assignment_pipeline/OUTPUT_breseq_assignment/fastq/C3-DAY4_S46/E3.permissive_R1.fastq.gz,/scicore/home/nimwegen/bojani0000/20260806-dna-rna-deconvolution-pipeline/breseq_strain_assignment_pipeline/OUTPUT_breseq_assignment/fastq/C3-DAY4_S46/E3.permissive_R2.fastq.gz,CHL,"['D2', 'E3']",4,C3
304,C4-DAY4_S48,D5,/scicore/home/nimwegen/bojani0000/Gene_clustering_algorithms/pan-genome-analysis/data/E_coli_backup4/input_GenBank/D5_pilon_round_4_annotated.gbk,strict,/scicore/home/nimwegen/bojani0000/20260806-dna-rna-deconvolution-pipeline/breseq_strain_assignment_pipeline/OUTPUT_breseq_assignment/fastq/C4-DAY4_S48/D5.strict_R1.fastq.gz,/scicore/home/nimwegen/bojani0000/20260806-dna-rna-deconvolution-pipeline/breseq_strain_assignment_pipeline/OUTPUT_breseq_assignment/fastq/C4-DAY4_S48/D5.strict_R2.fastq.gz,CHL,"['D5', 'E3']",4,C4
305,C4-DAY4_S48,D5,/scicore/home/nimwegen/bojani0000/Gene_clustering_algorithms/pan-genome-analysis/data/E_coli_backup4/input_GenBank/D5_pilon_round_4_annotated.gbk,permissive,/scicore/home/nimwegen/bojani0000/20260806-dna-rna-deconvolution-pipeline/breseq_strain_assignment_pipeline/OUTPUT_breseq_assignment/fastq/C4-DAY4_S48/D5.permissive_R1.fastq.gz,/scicore/home/nimwegen/bojani0000/20260806-dna-rna-deconvolution-pipeline/breseq_strain_assignment_pipeline/OUTPUT_breseq_assignment/fastq/C4-DAY4_S48/D5.permissive_R2.fastq.gz,CHL,"['D5', 'E3']",4,C4
306,C7-DAY4_S52,C5,/scicore/home/nimwegen/bojani0000/Gene_clustering_algorithms/pan-genome-analysis/data/E_coli_backup4/input_GenBank/C5_pilon_round_4_annotated.gbk,strict,/scicore/home/nimwegen/bojani0000/20260806-dna-rna-deconvolution-pipeline/breseq_strain_assignment_pipeline/OUTPUT_breseq_assignment/fastq/C7-DAY4_S52/C5.strict_R1.fastq.gz,/scicore/home/nimwegen/bojani0000/20260806-dna-rna-deconvolution-pipeline/breseq_strain_assignment_pipeline/OUTPUT_breseq_assignment/fastq/C7-DAY4_S52/C5.strict_R2.fastq.gz,CHL,"['B8', 'D2', 'C5', 'H1', 'D5', 'E3']",4,C7
307,C7-DAY4_S52,C5,/scicore/home/nimwegen/bojani0000/Gene_clustering_algorithms/pan-genome-analysis/data/E_coli_backup4/input_GenBank/C5_pilon_round_4_annotated.gbk,permissive,/scicore/home/nimwegen/bojani0000/20260806-dna-rna-deconvolution-pipeline/breseq_strain_assignment_pipeline/OUTPUT_breseq_assignment/fastq/C7-DAY4_S52/C5.permissive_R1.fastq.gz,/scicore/home/nimwegen/bojani0000/20260806-dna-rna-deconvolution-pipeline/breseq_strain_assignment_pipeline/OUTPUT_breseq_assignment/fastq/C7-DAY4_S52/C5.permissive_R2.fastq.gz,CHL,"['B8', 'D2', 'C5', 'H1', 'D5', 'E3']",4,C7
308,C8-DAY4_S55,B8,/scicore/home/nimwegen/bojani0000/Gene_clustering_algorithms/pan-genome-analysis/data/E_coli_backup4/input_GenBank/B8_pilon_round_4_annotated.gbk,strict,/scicore/home/nimwegen/bojani0000/20260806-dna-rna-deconvolution-pipeline/breseq_strain_assignment_pipeline/OUTPUT_breseq_assignment/fastq/C8-DAY4_S55/B8.strict_R1.fastq.gz,/scicore/home/nimwegen/bojani0000/20260806-dna-rna-deconvolution-pipeline/breseq_strain_assignment_pipeline/OUTPUT_breseq_assignment/fastq/C8-DAY4_S55/B8.strict_R2.fastq.gz,GLU,"['K12', 'B8', 'D2', 'C5', 'H1', 'D5', 'E3']",4,C8
309,C8-DAY4_S55,B8,/scicore/home/nimwegen/bojani0000/Gene_clustering_algorithms/pan-genome-analysis/data/E_coli_backup4/input_GenBank/B8_pilon_round_4_annotated.gbk,permissive,/scicore/home/nimwegen/bojani0000/20260806-dna-rna-deconvolution-pipeline/breseq_strain_assignment_pipeline/OUTPUT_breseq_assignment/fastq/C8-DAY4_S55/B8.permissive_R1.fastq.gz,/scicore/home/nimwegen/bojani0000/20260806-dna-rna-deconvolution-pipeline/breseq_strain_assignment_pipeline/OUTPUT_breseq_assignment/fastq/C8-DAY4_S55/B8.permissive_R2.fastq.gz,GLU,"['K12', 'B8', 'D2', 'C5', 'H1', 'D5', 'E3']",4,C8
310,C8-DAY4_S55,D2,/scicore/home/nimwegen/bojani0000/Gene_clustering_algorithms/pan-genome-analysis/data/E_coli_backup4/input_GenBank/D2_pilon_round_4_annotated.gbk,strict,/scicore/home/nimwegen/bojani0000/20260806-dna-rna-deconvolution-pipeline/breseq_strain_assignment_pipeline/OUTPUT_breseq_assignment/fastq/C8-DAY4_S55/D2.strict_R1.fastq.gz,/scicore/home/nimwegen/bojani0000/20260806-dna-rna-deconvolution-pipeline/breseq_strain_assignment_pipeline/OUTPUT_breseq_assignment/fastq/C8-DAY4_S55/D2.strict_R2.fastq.gz,GLU,"['K12', 'B8', 'D2', 'C5', 'H1', 'D5', 'E3']",4,C8
311,C8-DAY4_S55,D2,/scicore/home/nimwegen/bojani0000/Gene_clustering_algorithms/pan-genome-analysis/data/E_coli_backup4/input_GenBank/D2_pilon_round_4_annotated.gbk,permissive,/scicore/home/nimwegen/bojani0000/20260806-dna-rna-deconvolution-pipeline/breseq_strain_assignment_pipeline/OUTPUT_breseq_assignment/fastq/C8-DAY4_S55/D2.permissive_R1.fastq.gz,/scicore/home/nimwegen/bojani0000/20260806-dna-rna-deconvolution-pipeline/breseq_strain_assignment_pipeline/OUTPUT_breseq_assignment/fastq/C8-DAY4_S55/D2.permissive_R2.fastq.gz,GLU,"['K12', 'B8', 'D2', 'C5', 'H1', 'D5', 'E3']",4,C8
312,C8-DAY4_S55,E3,/scicore/home/nimwegen/bojani0000/Gene_clustering_algorithms/pan-genome-analysis/data/E_coli_backup4/input_GenBank/E3_pilon_round_4_annotated.gbk,strict,/scicore/home/nimwegen/bojani0000/20260806-dna-rna-deconvolution-pipeline/breseq_strain_assignment_pipeline/OUTPUT_breseq_assignment/fastq/C8-DAY4_S55/E3.strict_R1.fastq.gz,/scicore/home/nimwegen/bojani0000/20260806-dna-rna-deconvolution-pipeline/breseq_strain_assignment_pipeline/OUTPUT_breseq_assignment/fastq/C8-DAY4_S55/E3.strict_R2.fastq.gz,GLU,"['K12', 'B8', 'D2', 'C5', 'H1', 'D5', 'E3']",4,C8
313,C8-DAY4_S55,E3,/scicore/home/nimwegen/bojani0000/Gene_clustering_algorithms/pan-genome-analysis/data/E_coli_backup4/input_GenBank/E3_pilon_round_4_annotated.gbk,permissive,/scicore/home/nimwegen/bojani0000/20260806-dna-rna-deconvolution-pipeline/breseq_strain_assignment_pipeline/OUTPUT_breseq_assignment/fastq/C8-DAY4_S55/E3.permissive_R1.fastq.gz,/scicore/home/nimwegen/bojani0000/20260806-dna-rna-deconvolution-pipeline/breseq_strain_assignment_pipeline/OUTPUT_breseq_assignment/fastq/C8-DAY4_S55/E3.permissive_R2.fastq.gz,GLU,"['K12', 'B8', 'D2', 'C5', 'H1', 'D5', 'E3']",4,C8
314,D1-DAY4_S57,D5,/scicore/home/nimwegen/bojani0000/Gene_clustering_algorithms/pan-genome-analysis/data/E_coli_backup4/input_GenBank/D5_pilon_round_4_annotated.gbk,strict,/scicore/home/nimwegen/bojani0000/20260806-dna-rna-deconvolution-pipeline/breseq_strain_assignment_pipeline/OUTPUT_breseq_assignment/fastq/D1-DAY4_S57/D5.strict_R1.fastq.gz,/scicore/home/nimwegen/bojani0000/20260806-dna-rna-deconvolution-pipeline/breseq_strain_assignment_pipeline/OUTPUT_breseq_assignment/fastq/D1-DAY4_S57/D5.strict_R2.fastq.gz,CHL,"['B8', 'D5']",4,D1
315,D1-DAY4_S57,D5,/scicore/home/nimwegen/bojani0000/Gene_clustering_algorithms/pan-genome-analysis/data/E_coli_backup4/input_GenBank/D5_pilon_round_4_annotated.gbk,permissive,/scicore/home/nimwegen/bojani0000/20260806-dna-rna-deconvolution-pipeline/breseq_strain_assignment_pipeline/OUTPUT_breseq_assignment/fastq/D1-DAY4_S57/D5.permissive_R1.fastq.gz,/scicore/home/nimwegen/bojani0000/20260806-dna-rna-deconvolution-pipeline/breseq_strain_assignment_pipeline/OUTPUT_breseq_assignment/fastq/D1-DAY4_S57/D5.permissive_R2.fastq.gz,CHL,"['B8', 'D5']",4,D1
316,D2-DAY4_S59,C5,/scicore/home/nimwegen/bojani0000/Gene_clustering_algorithms/pan-genome-analysis/data/E_coli_backup4/input_GenBank/C5_pilon_round_4_annotated.gbk,strict,/scicore/home/nimwegen/bojani0000/20260806-dna-rna-deconvolution-pipeline/breseq_strain_assignment_pipeline/OUTPUT_breseq_assignment/fastq/D2-DAY4_S59/C5.strict_R1.fastq.gz,/scicore/home/nimwegen/bojani0000/20260806-dna-rna-deconvolution-pipeline/breseq_strain_assignment_pipeline/OUTPUT_breseq_assignment/fastq/D2-DAY4_S59/C5.strict_R2.fastq.gz,CHL,"['C5', 'D5']",4,D2
317,D2-DAY4_S59,C5,/scicore/home/nimwegen/bojani0000/Gene_clustering_algorithms/pan-genome-analysis/data/E_coli_backup4/input_GenBank/C5_pilon_round_4_annotated.gbk,permissive,/scicore/home/nimwegen/bojani0000/20260806-dna-rna-deconvolution-pipeline/breseq_strain_assignment_pipeline/OUTPUT_breseq_assignment/fastq/D2-DAY4_S59/C5.permissive_R1.fastq.gz,/scicore/home/nimwegen/bojani0000/20260806-dna-rna-deconvolution-pipeline/breseq_strain_assignment_pipeline/OUTPUT_breseq_assignment/fastq/D2-DAY4_S59/C5.permissive_R2.fastq.gz,CHL,"['C5', 'D5']",4,D2
318,D3-DAY4_S63,D5,/scicore/home/nimwegen/bojani0000/Gene_clustering_algorithms/pan-genome-analysis/data/E_coli_backup4/input_GenBank/D5_pilon_round_4_annotated.gbk,strict,/scicore/home/nimwegen/bojani0000/20260806-dna-rna-deconvolution-pipeline/breseq_strain_assignment_pipeline/OUTPUT_breseq_assignment/fastq/D3-DAY4_S63/D5.strict_R1.fastq.gz,/scicore/home/nimwegen/bojani0000/20260806-dna-rna-deconvolution-pipeline/breseq_strain_assignment_pipeline/OUTPUT_breseq_assignment/fastq/D3-DAY4_S63/D5.strict_R2.fastq.gz,CHL,"['D2', 'D5']",4,D3
319,D3-DAY4_S63,D5,/scicore/home/nimwegen/bojani0000/Gene_clustering_algorithms/pan-genome-analysis/data/E_coli_backup4/input_GenBank/D5_pilon_round_4_annotated.gbk,permissive,/scicore/home/nimwegen/bojani0000/20260806-dna-rna-deconvolution-pipeline/breseq_strain_assignment_pipeline/OUTPUT_breseq_assignment/fastq/D3-DAY4_S63/D5.permissive_R1.fastq.gz,/scicore/home/nimwegen/bojani0000/20260806-dna-rna-deconvolution-pipeline/breseq_strain_assignment_pipeline/OUTPUT_breseq_assignment/fastq/D3-DAY4_S63/D5.permissive_R2.fastq.gz,CHL,"['D2', 'D5']",4,D3
320,D5-DAY4_S66,B8,/scicore/home/nimwegen/bojani0000/Gene_clustering_algorithms/pan-genome-analysis/data/E_coli_backup4/input_GenBank/B8_pilon_round_4_annotated.gbk,strict,/scicore/home/nimwegen/bojani0000/20260806-dna-rna-deconvolution-pipeline/breseq_strain_assignment_pipeline/OUTPUT_breseq_assignment/fastq/D5-DAY4_S66/B8.strict_R1.fastq.gz,/scicore/home/nimwegen/bojani0000/20260806-dna-rna-deconvolution-pipeline/breseq_strain_assignment_pipeline/OUTPUT_breseq_assignment/fastq/D5-DAY4_S66/B8.strict_R2.fastq.gz,NACL,"['K12', 'B8', 'D2', 'C5', 'H1', 'D5', 'E3']",4,D5
321,D5-DAY4_S66,B8,/scicore/home/nimwegen/bojani0000/Gene_clustering_algorithms/pan-genome-analysis/data/E_coli_backup4/input_GenBank/B8_pilon_round_4_annotated.gbk,permissive,/scicore/home/nimwegen/bojani0000/20260806-dna-rna-deconvolution-pipeline/breseq_strain_assignment_pipeline/OUTPUT_breseq_assignment/fastq/D5-DAY4_S66/B8.permissive_R1.fastq.gz,/scicore/home/nimwegen/bojani0000/20260806-dna-rna-deconvolution-pipeline/breseq_strain_assignment_pipeline/OUTPUT_breseq_assignment/fastq/D5-DAY4_S66/B8.permissive_R2.fastq.gz,NACL,"['K12', 'B8', 'D2', 'C5', 'H1', 'D5', 'E3']",4,D5
322,D5-DAY4_S66,D2,/scicore/home/nimwegen/bojani0000/Gene_clustering_algorithms/pan-genome-analysis/data/E_coli_backup4/input_GenBank/D2_pilon_round_4_annotated.gbk,strict,/scicore/home/nimwegen/bojani0000/20260806-dna-rna-deconvolution-pipeline/breseq_strain_assignment_pipeline/OUTPUT_breseq_assignment/fastq/D5-DAY4_S66/D2.strict_R1.fastq.gz,/scicore/home/nimwegen/bojani0000/20260806-dna-rna-deconvolution-pipeline/breseq_strain_assignment_pipeline/OUTPUT_breseq_assignment/fastq/D5-DAY4_S66/D2.strict_R2.fastq.gz,NACL,"['K12', 'B8', 'D2', 'C5', 'H1', 'D5', 'E3']",4,D5
323,D5-DAY4_S66,D2,/scicore/home/nimwegen/bojani0000/Gene_clustering_algorithms/pan-genome-analysis/data/E_coli_backup4/input_GenBank/D2_pilon_round_4_annotated.gbk,permissive,/scicore/home/nimwegen/bojani0000/20260806-dna-rna-deconvolution-pipeline/breseq_strain_assignment_pipeline/OUTPUT_breseq_assignment/fastq/D5-DAY4_S66/D2.permissive_R1.fastq.gz,/scicore/home/nimwegen/bojani0000/20260806-dna-rna-deconvolution-pipeline/breseq_strain_assignment_pipeline/OUTPUT_breseq_assignment/fastq/D5-DAY4_S66/D2.permissive_R2.fastq.gz,NACL,"['K12', 'B8', 'D2', 'C5', 'H1', 'D5', 'E3']",4,D5
324,D5-DAY4_S66,D5,/scicore/home/nimwegen/bojani0000/Gene_clustering_algorithms/pan-genome-analysis/data/E_coli_backup4/input_GenBank/D5_pilon_round_4_annotated.gbk,strict,/scicore/home/nimwegen/bojani0000/20260806-dna-rna-deconvolution-pipeline/breseq_strain_assignment_pipeline/OUTPUT_breseq_assignment/fastq/D5-DAY4_S66/D5.strict_R1.fastq.gz,/scicore/home/nimwegen/bojani0000/20260806-dna-rna-deconvolution-pipeline/breseq_strain_assignment_pipeline/OUTPUT_breseq_assignment/fastq/D5-DAY4_S66/D5.strict_R2.fastq.gz,NACL,"['K12', 'B8', 'D2', 'C5', 'H1', 'D5', 'E3']",4,D5
325,D5-DAY4_S66,D5,/scicore/home/nimwegen/bojani0000/Gene_clustering_algorithms/pan-genome-analysis/data/E_coli_backup4/input_GenBank/D5_pilon_round_4_annotated.gbk,permissive,/scicore/home/nimwegen/bojani0000/20260806-dna-rna-deconvolution-pipeline/breseq_strain_assignment_pipeline/OUTPUT_breseq_assignment/fastq/D5-DAY4_S66/D5.permissive_R1.fastq.gz,/scicore/home/nimwegen/bojani0000/20260806-dna-rna-deconvolution-pipeline/breseq_strain_assignment_pipeline/OUTPUT_breseq_assignment/fastq/D5-DAY4_S66/D5.permissive_R2.fastq.gz,NACL,"['K12', 'B8', 'D2', 'C5', 'H1', 'D5', 'E3']",4,D5
326,D7-DAY4_S72,C5,/scicore/home/nimwegen/bojani0000/Gene_clustering_algorithms/pan-genome-analysis/data/E_coli_backup4/input_GenBank/C5_pilon_round_4_annotated.gbk,strict,/scicore/home/nimwegen/bojani0000/20260806-dna-rna-deconvolution-pipeline/breseq_strain_assignment_pipeline/OUTPUT_breseq_assignment/fastq/D7-DAY4_S72/C5.strict_R1.fastq.gz,/scicore/home/nimwegen/bojani0000/20260806-dna-rna-deconvolution-pipeline/breseq_strain_assignment_pipeline/OUTPUT_breseq_assignment/fastq/D7-DAY4_S72/C5.strict_R2.fastq.gz,CHL,"['K12', 'B8', 'D2', 'C5', 'H1', 'D5', 'E3']",4,D7
327,D7-DAY4_S72,C5,/scicore/home/nimwegen/bojani0000/Gene_clustering_algorithms/pan-genome-analysis/data/E_coli_backup4/input_GenBank/C5_pilon_round_4_annotated.gbk,permissive,/scicore/home/nimwegen/bojani0000/20260806-dna-rna-deconvolution-pipeline/breseq_strain_assignment_pipeline/OUTPUT_breseq_assignment/fastq/D7-DAY4_S72/C5.permissive_R1.fastq.gz,/scicore/home/nimwegen/bojani0000/20260806-dna-rna-deconvolution-pipeline/breseq_strain_assignment_pipeline/OUTPUT_breseq_assignment/fastq/D7-DAY4_S72/C5.permissive_R2.fastq.gz,CHL,"['K12', 'B8', 'D2', 'C5', 'H1', 'D5', 'E3']",4,D7
328,D8-DAY4_S75,B8,/scicore/home/nimwegen/bojani0000/Gene_clustering_algorithms/pan-genome-analysis/data/E_coli_backup4/input_GenBank/B8_pilon_round_4_annotated.gbk,strict,/scicore/home/nimwegen/bojani0000/20260806-dna-rna-deconvolution-pipeline/breseq_strain_assignment_pipeline/OUTPUT_breseq_assignment/fastq/D8-DAY4_S75/B8.strict_R1.fastq.gz,/scicore/home/nimwegen/bojani0000/20260806-dna-rna-deconvolution-pipeline/breseq_strain_assignment_pipeline/OUTPUT_breseq_assignment/fastq/D8-DAY4_S75/B8.strict_R2.fastq.gz,ALA,"['K12', 'B8', 'D2', 'C5', 'H1', 'D5', 'E3']",4,D8
329,D8-DAY4_S75,B8,/scicore/home/nimwegen/bojani0000/Gene_clustering_algorithms/pan-genome-analysis/data/E_coli_backup4/input_GenBank/B8_pilon_round_4_annotated.gbk,permissive,/scicore/home/nimwegen/bojani0000/20260806-dna-rna-deconvolution-pipeline/breseq_strain_assignment_pipeline/OUTPUT_breseq_assignment/fastq/D8-DAY4_S75/B8.permissive_R1.fastq.gz,/scicore/home/nimwegen/bojani0000/20260806-dna-rna-deconvolution-pipeline/breseq_strain_assignment_pipeline/OUTPUT_breseq_assignment/fastq/D8-DAY4_S75/B8.permissive_R2.fastq.gz,ALA,"['K12', 'B8', 'D2', 'C5', 'H1', 'D5', 'E3']",4,D8
330,D8-DAY4_S75,D2,/scicore/home/nimwegen/bojani0000/Gene_clustering_algorithms/pan-genome-analysis/data/E_coli_backup4/input_GenBank/D2_pilon_round_4_annotated.gbk,strict,/scicore/home/nimwegen/bojani0000/20260806-dna-rna-deconvolution-pipeline/breseq_strain_assignment_pipeline/OUTPUT_breseq_assignment/fastq/D8-DAY4_S75/D2.strict_R1.fastq.gz,/scicore/home/nimwegen/bojani0000/20260806-dna-rna-deconvolution-pipeline/breseq_strain_assignment_pipeline/OUTPUT_breseq_assignment/fastq/D8-DAY4_S75/D2.strict_R2.fastq.gz,ALA,"['K12', 'B8', 'D2', 'C5', 'H1', 'D5', 'E3']",4,D8
331,D8-DAY4_S75,D2,/scicore/home/nimwegen/bojani0000/Gene_clustering_algorithms/pan-genome-analysis/data/E_coli_backup4/input_GenBank/D2_pilon_round_4_annotated.gbk,permissive,/scicore/home/nimwegen/bojani0000/20260806-dna-rna-deconvolution-pipeline/breseq_strain_assignment_pipeline/OUTPUT_breseq_assignment/fastq/D8-DAY4_S75/D2.permissive_R1.fastq.gz,/scicore/home/nimwegen/bojani0000/20260806-dna-rna-deconvolution-pipeline/breseq_strain_assignment_pipeline/OUTPUT_breseq_assignment/fastq/D8-DAY4_S75/D2.permissive_R2.fastq.gz,ALA,"['K12', 'B8', 'D2', 'C5', 'H1', 'D5', 'E3']",4,D8
332,D8-DAY4_S75,D5,/scicore/home/nimwegen/bojani0000/Gene_clustering_algorithms/pan-genome-analysis/data/E_coli_backup4/input_GenBank/D5_pilon_round_4_annotated.gbk,strict,/scicore/home/nimwegen/bojani0000/20260806-dna-rna-deconvolution-pipeline/breseq_strain_assignment_pipeline/OUTPUT_breseq_assignment/fastq/D8-DAY4_S75/D5.strict_R1.fastq.gz,/scicore/home/nimwegen/bojani0000/20260806-dna-rna-deconvolution-pipeline/breseq_strain_assignment_pipeline/OUTPUT_breseq_assignment/fastq/D8-DAY4_S75/D5.strict_R2.fastq.gz,ALA,"['K12', 'B8', 'D2', 'C5', 'H1', 'D5', 'E3']",4,D8
333,D8-DAY4_S75,D5,/scicore/home/nimwegen/bojani0000/Gene_clustering_algorithms/pan-genome-analysis/data/E_coli_backup4/input_GenBank/D5_pilon_round_4_annotated.gbk,permissive,/scicore/home/nimwegen/bojani0000/20260806-dna-rna-deconvolution-pipeline/breseq_strain_assignment_pipeline/OUTPUT_breseq_assignment/fastq/D8-DAY4_S75/D5.permissive_R1.fastq.gz,/scicore/home/nimwegen/bojani0000/20260806-dna-rna-deconvolution-pipeline/breseq_strain_assignment_pipeline/OUTPUT_breseq_assignment/fastq/D8-DAY4_S75/D5.permissive_R2.fastq.gz,ALA,"['K12', 'B8', 'D2', 'C5', 'H1', 'D5', 'E3']",4,D8
334,E1-DAY4_S77,B8,/scicore/home/nimwegen/bojani0000/Gene_clustering_algorithms/pan-genome-analysis/data/E_coli_backup4/input_GenBank/B8_pilon_round_4_annotated.gbk,strict,/scicore/home/nimwegen/bojani0000/20260806-dna-rna-deconvolution-pipeline/breseq_strain_assignment_pipeline/OUTPUT_breseq_assignment/fastq/E1-DAY4_S77/B8.strict_R1.fastq.gz,/scicore/home/nimwegen/bojani0000/20260806-dna-rna-deconvolution-pipeline/breseq_strain_assignment_pipeline/OUTPUT_breseq_assignment/fastq/E1-DAY4_S77/B8.strict_R2.fastq.gz,CHL,"['B8', 'D2']",4,E1
335,E1-DAY4_S77,B8,/scicore/home/nimwegen/bojani0000/Gene_clustering_algorithms/pan-genome-analysis/data/E_coli_backup4/input_GenBank/B8_pilon_round_4_annotated.gbk,permissive,/scicore/home/nimwegen/bojani0000/20260806-dna-rna-deconvolution-pipeline/breseq_strain_assignment_pipeline/OUTPUT_breseq_assignment/fastq/E1-DAY4_S77/B8.permissive_R1.fastq.gz,/scicore/home/nimwegen/bojani0000/20260806-dna-rna-deconvolution-pipeline/breseq_strain_assignment_pipeline/OUTPUT_breseq_assignment/fastq/E1-DAY4_S77/B8.permissive_R2.fastq.gz,CHL,"['B8', 'D2']",4,E1
336,E1-DAY4_S77,D2,/scicore/home/nimwegen/bojani0000/Gene_clustering_algorithms/pan-genome-analysis/data/E_coli_backup4/input_GenBank/D2_pilon_round_4_annotated.gbk,strict,/scicore/home/nimwegen/bojani0000/20260806-dna-rna-deconvolution-pipeline/breseq_strain_assignment_pipeline/OUTPUT_breseq_assignment/fastq/E1-DAY4_S77/D2.strict_R1.fastq.gz,/scicore/home/nimwegen/bojani0000/20260806-dna-rna-deconvolution-pipeline/breseq_strain_assignment_pipeline/OUTPUT_breseq_assignment/fastq/E1-DAY4_S77/D2.strict_R2.fastq.gz,CHL,"['B8', 'D2']",4,E1
337,E1-DAY4_S77,D2,/scicore/home/nimwegen/bojani0000/Gene_clustering_algorithms/pan-genome-analysis/data/E_coli_backup4/input_GenBank/D2_pilon_round_4_annotated.gbk,permissive,/scicore/home/nimwegen/bojani0000/20260806-dna-rna-deconvolution-pipeline/breseq_strain_assignment_pipeline/OUTPUT_breseq_assignment/fastq/E1-DAY4_S77/D2.permissive_R1.fastq.gz,/scicore/home/nimwegen/bojani0000/20260806-dna-rna-deconvolution-pipeline/breseq_strain_assignment_pipeline/OUTPUT_breseq_assignment/fastq/E1-DAY4_S77/D2.permissive_R2.fastq.gz,CHL,"['B8', 'D2']",4,E1
338,E2-DAY4_S79,C5,/scicore/home/nimwegen/bojani0000/Gene_clustering_algorithms/pan-genome-analysis/data/E_coli_backup4/input_GenBank/C5_pilon_round_4_annotated.gbk,strict,/scicore/home/nimwegen/bojani0000/20260806-dna-rna-deconvolution-pipeline/breseq_strain_assignment_pipeline/OUTPUT_breseq_assignment/fastq/E2-DAY4_S79/C5.strict_R1.fastq.gz,/scicore/home/nimwegen/bojani0000/20260806-dna-rna-deconvolution-pipeline/breseq_strain_assignment_pipeline/OUTPUT_breseq_assignment/fastq/E2-DAY4_S79/C5.strict_R2.fastq.gz,CHL,"['D2', 'C5']",4,E2
339,E2-DAY4_S79,C5,/scicore/home/nimwegen/bojani0000/Gene_clustering_algorithms/pan-genome-analysis/data/E_coli_backup4/input_GenBank/C5_pilon_round_4_annotated.gbk,permissive,/scicore/home/nimwegen/bojani0000/20260806-dna-rna-deconvolution-pipeline/breseq_strain_assignment_pipeline/OUTPUT_breseq_assignment/fastq/E2-DAY4_S79/C5.permissive_R1.fastq.gz,/scicore/home/nimwegen/bojani0000/20260806-dna-rna-deconvolution-pipeline/breseq_strain_assignment_pipeline/OUTPUT_breseq_assignment/fastq/E2-DAY4_S79/C5.permissive_R2.fastq.gz,CHL,"['D2', 'C5']",4,E2
340,E5-DAY4_S82,B8,/scicore/home/nimwegen/bojani0000/Gene_clustering_algorithms/pan-genome-analysis/data/E_coli_backup4/input_GenBank/B8_pilon_round_4_annotated.gbk,strict,/scicore/home/nimwegen/bojani0000/20260806-dna-rna-deconvolution-pipeline/breseq_strain_assignment_pipeline/OUTPUT_breseq_assignment/fastq/E5-DAY4_S82/B8.strict_R1.fastq.gz,/scicore/home/nimwegen/bojani0000/20260806-dna-rna-deconvolution-pipeline/breseq_strain_assignment_pipeline/OUTPUT_breseq_assignment/fastq/E5-DAY4_S82/B8.strict_R2.fastq.gz,GLU,"['K12', 'B8', 'D2', 'C5', 'H1', 'D5', 'E3']",4,E5
341,E5-DAY4_S82,B8,/scicore/home/nimwegen/bojani0000/Gene_clustering_algorithms/pan-genome-analysis/data/E_coli_backup4/input_GenBank/B8_pilon_round_4_annotated.gbk,permissive,/scicore/home/nimwegen/bojani0000/20260806-dna-rna-deconvolution-pipeline/breseq_strain_assignment_pipeline/OUTPUT_breseq_assignment/fastq/E5-DAY4_S82/B8.permissive_R1.fastq.gz,/scicore/home/nimwegen/bojani0000/20260806-dna-rna-deconvolution-pipeline/breseq_strain_assignment_pipeline/OUTPUT_breseq_assignment/fastq/E5-DAY4_S82/B8.permissive_R2.fastq.gz,GLU,"['K12', 'B8', 'D2', 'C5', 'H1', 'D5', 'E3']",4,E5
342,E5-DAY4_S82,D2,/scicore/home/nimwegen/bojani0000/Gene_clustering_algorithms/pan-genome-analysis/data/E_coli_backup4/input_GenBank/D2_pilon_round_4_annotated.gbk,strict,/scicore/home/nimwegen/bojani0000/20260806-dna-rna-deconvolution-pipeline/breseq_strain_assignment_pipeline/OUTPUT_breseq_assignment/fastq/E5-DAY4_S82/D2.strict_R1.fastq.gz,/scicore/home/nimwegen/bojani0000/20260806-dna-rna-deconvolution-pipeline/breseq_strain_assignment_pipeline/OUTPUT_breseq_assignment/fastq/E5-DAY4_S82/D2.strict_R2.fastq.gz,GLU,"['K12', 'B8', 'D2', 'C5', 'H1', 'D5', 'E3']",4,E5
343,E5-DAY4_S82,D2,/scicore/home/nimwegen/bojani0000/Gene_clustering_algorithms/pan-genome-analysis/data/E_coli_backup4/input_GenBank/D2_pilon_round_4_annotated.gbk,permissive,/scicore/home/nimwegen/bojani0000/20260806-dna-rna-deconvolution-pipeline/breseq_strain_assignment_pipeline/OUTPUT_breseq_assignment/fastq/E5-DAY4_S82/D2.permissive_R1.fastq.gz,/scicore/home/nimwegen/bojani0000/20260806-dna-rna-deconvolution-pipeline/breseq_strain_assignment_pipeline/OUTPUT_breseq_assignment/fastq/E5-DAY4_S82/D2.permissive_R2.fastq.gz,GLU,"['K12', 'B8', 'D2', 'C5', 'H1', 'D5', 'E3']",4,E5
344,E5-DAY4_S82,E3,/scicore/home/nimwegen/bojani0000/Gene_clustering_algorithms/pan-genome-analysis/data/E_coli_backup4/input_GenBank/E3_pilon_round_4_annotated.gbk,strict,/scicore/home/nimwegen/bojani0000/20260806-dna-rna-deconvolution-pipeline/breseq_strain_assignment_pipeline/OUTPUT_breseq_assignment/fastq/E5-DAY4_S82/E3.strict_R1.fastq.gz,/scicore/home/nimwegen/bojani0000/20260806-dna-rna-deconvolution-pipeline/breseq_strain_assignment_pipeline/OUTPUT_breseq_assignment/fastq/E5-DAY4_S82/E3.strict_R2.fastq.gz,GLU,"['K12', 'B8', 'D2', 'C5', 'H1', 'D5', 'E3']",4,E5
345,E5-DAY4_S82,E3,/scicore/home/nimwegen/bojani0000/Gene_clustering_algorithms/pan-genome-analysis/data/E_coli_backup4/input_GenBank/E3_pilon_round_4_annotated.gbk,permissive,/scicore/home/nimwegen/bojani0000/20260806-dna-rna-deconvolution-pipeline/breseq_strain_assignment_pipeline/OUTPUT_breseq_assignment/fastq/E5-DAY4_S82/E3.permissive_R1.fastq.gz,/scicore/home/nimwegen/bojani0000/20260806-dna-rna-deconvolution-pipeline/breseq_strain_assignment_pipeline/OUTPUT_breseq_assignment/fastq/E5-DAY4_S82/E3.permissive_R2.fastq.gz,GLU,"['K12', 'B8', 'D2', 'C5', 'H1', 'D5', 'E3']",4,E5
346,E6-DAY4_S85,B8,/scicore/home/nimwegen/bojani0000/Gene_clustering_algorithms/pan-genome-analysis/data/E_coli_backup4/input_GenBank/B8_pilon_round_4_annotated.gbk,strict,/scicore/home/nimwegen/bojani0000/20260806-dna-rna-deconvolution-pipeline/breseq_strain_assignment_pipeline/OUTPUT_breseq_assignment/fastq/E6-DAY4_S85/B8.strict_R1.fastq.gz,/scicore/home/nimwegen/bojani0000/20260806-dna-rna-deconvolution-pipeline/breseq_strain_assignment_pipeline/OUTPUT_breseq_assignment/fastq/E6-DAY4_S85/B8.strict_R2.fastq.gz,NACL,"['K12', 'B8', 'D2', 'C5', 'H1', 'D5', 'E3']",4,E6
347,E6-DAY4_S85,B8,/scicore/home/nimwegen/bojani0000/Gene_clustering_algorithms/pan-genome-analysis/data/E_coli_backup4/input_GenBank/B8_pilon_round_4_annotated.gbk,permissive,/scicore/home/nimwegen/bojani0000/20260806-dna-rna-deconvolution-pipeline/breseq_strain_assignment_pipeline/OUTPUT_breseq_assignment/fastq/E6-DAY4_S85/B8.permissive_R1.fastq.gz,/scicore/home/nimwegen/bojani0000/20260806-dna-rna-deconvolution-pipeline/breseq_strain_assignment_pipeline/OUTPUT_breseq_assignment/fastq/E6-DAY4_S85/B8.permissive_R2.fastq.gz,NACL,"['K12', 'B8', 'D2', 'C5', 'H1', 'D5', 'E3']",4,E6
348,E6-DAY4_S85,D2,/scicore/home/nimwegen/bojani0000/Gene_clustering_algorithms/pan-genome-analysis/data/E_coli_backup4/input_GenBank/D2_pilon_round_4_annotated.gbk,strict,/scicore/home/nimwegen/bojani0000/20260806-dna-rna-deconvolution-pipeline/breseq_strain_assignment_pipeline/OUTPUT_breseq_assignment/fastq/E6-DAY4_S85/D2.strict_R1.fastq.gz,/scicore/home/nimwegen/bojani0000/20260806-dna-rna-deconvolution-pipeline/breseq_strain_assignment_pipeline/OUTPUT_breseq_assignment/fastq/E6-DAY4_S85/D2.strict_R2.fastq.gz,NACL,"['K12', 'B8', 'D2', 'C5', 'H1', 'D5', 'E3']",4,E6
349,E6-DAY4_S85,D2,/scicore/home/nimwegen/bojani0000/Gene_clustering_algorithms/pan-genome-analysis/data/E_coli_backup4/input_GenBank/D2_pilon_round_4_annotated.gbk,permissive,/scicore/home/nimwegen/bojani0000/20260806-dna-rna-deconvolution-pipeline/breseq_strain_assignment_pipeline/OUTPUT_breseq_assignment/fastq/E6-DAY4_S85/D2.permissive_R1.fastq.gz,/scicore/home/nimwegen/bojani0000/20260806-dna-rna-deconvolution-pipeline/breseq_strain_assignment_pipeline/OUTPUT_breseq_assignment/fastq/E6-DAY4_S85/D2.permissive_R2.fastq.gz,NACL,"['K12', 'B8', 'D2', 'C5', 'H1', 'D5', 'E3']",4,E6
350,E6-DAY4_S85,D5,/scicore/home/nimwegen/bojani0000/Gene_clustering_algorithms/pan-genome-analysis/data/E_coli_backup4/input_GenBank/D5_pilon_round_4_annotated.gbk,strict,/scicore/home/nimwegen/bojani0000/20260806-dna-rna-deconvolution-pipeline/breseq_strain_assignment_pipeline/OUTPUT_breseq_assignment/fastq/E6-DAY4_S85/D5.strict_R1.fastq.gz,/scicore/home/nimwegen/bojani0000/20260806-dna-rna-deconvolution-pipeline/breseq_strain_assignment_pipeline/OUTPUT_breseq_assignment/fastq/E6-DAY4_S85/D5.strict_R2.fastq.gz,NACL,"['K12', 'B8', 'D2', 'C5', 'H1', 'D5', 'E3']",4,E6
351,E6-DAY4_S85,D5,/scicore/home/nimwegen/bojani0000/Gene_clustering_algorithms/pan-genome-analysis/data/E_coli_backup4/input_GenBank/D5_pilon_round_4_annotated.gbk,permissive,/scicore/home/nimwegen/bojani0000/20260806-dna-rna-deconvolution-pipeline/breseq_strain_assignment_pipeline/OUTPUT_breseq_assignment/fastq/E6-DAY4_S85/D5.permissive_R1.fastq.gz,/scicore/home/nimwegen/bojani0000/20260806-dna-rna-deconvolution-pipeline/breseq_strain_assignment_pipeline/OUTPUT_breseq_assignment/fastq/E6-DAY4_S85/D5.permissive_R2.fastq.gz,NACL,"['K12', 'B8', 'D2', 'C5', 'H1', 'D5', 'E3']",4,E6
352,E7-DAY4_S88,C5,/scicore/home/nimwegen/bojani0000/Gene_clustering_algorithms/pan-genome-analysis/data/E_coli_backup4/input_GenBank/C5_pilon_round_4_annotated.gbk,strict,/scicore/home/nimwegen/bojani0000/20260806-dna-rna-deconvolution-pipeline/breseq_strain_assignment_pipeline/OUTPUT_breseq_assignment/fastq/E7-DAY4_S88/C5.strict_R1.fastq.gz,/scicore/home/nimwegen/bojani0000/20260806-dna-rna-deconvolution-pipeline/breseq_strain_assignment_pipeline/OUTPUT_breseq_assignment/fastq/E7-DAY4_S88/C5.strict_R2.fastq.gz,PH,"['K12', 'B8', 'D2', 'C5', 'H1', 'D5', 'E3']",4,E7
353,E7-DAY4_S88,C5,/scicore/home/nimwegen/bojani0000/Gene_clustering_algorithms/pan-genome-analysis/data/E_coli_backup4/input_GenBank/C5_pilon_round_4_annotated.gbk,permissive,/scicore/home/nimwegen/bojani0000/20260806-dna-rna-deconvolution-pipeline/breseq_strain_assignment_pipeline/OUTPUT_breseq_assignment/fastq/E7-DAY4_S88/C5.permissive_R1.fastq.gz,/scicore/home/nimwegen/bojani0000/20260806-dna-rna-deconvolution-pipeline/breseq_strain_assignment_pipeline/OUTPUT_breseq_assignment/fastq/E7-DAY4_S88/C5.permissive_R2.fastq.gz,PH,"['K12', 'B8', 'D2', 'C5', 'H1', 'D5', 'E3']",4,E7
354,E8-DAY4_S91,C5,/scicore/home/nimwegen/bojani0000/Gene_clustering_algorithms/pan-genome-analysis/data/E_coli_backup4/input_GenBank/C5_pilon_round_4_annotated.gbk,strict,/scicore/home/nimwegen/bojani0000/20260806-dna-rna-deconvolution-pipeline/breseq_strain_assignment_pipeline/OUTPUT_breseq_assignment/fastq/E8-DAY4_S91/C5.strict_R1.fastq.gz,/scicore/home/nimwegen/bojani0000/20260806-dna-rna-deconvolution-pipeline/breseq_strain_assignment_pipeline/OUTPUT_breseq_assignment/fastq/E8-DAY4_S91/C5.strict_R2.fastq.gz,CHL,"['K12', 'B8', 'D2', 'C5', 'H1', 'D5', 'E3']",4,E8
355,E8-DAY4_S91,C5,/scicore/home/nimwegen/bojani0000/Gene_clustering_algorithms/pan-genome-analysis/data/E_coli_backup4/input_GenBank/C5_pilon_round_4_annotated.gbk,permissive,/scicore/home/nimwegen/bojani0000/20260806-dna-rna-deconvolution-pipeline/breseq_strain_assignment_pipeline/OUTPUT_breseq_assignment/fastq/E8-DAY4_S91/C5.permissive_R1.fastq.gz,/scicore/home/nimwegen/bojani0000/20260806-dna-rna-deconvolution-pipeline/breseq_strain_assignment_pipeline/OUTPUT_breseq_assignment/fastq/E8-DAY4_S91/C5.permissive_R2.fastq.gz,CHL,"['K12', 'B8', 'D2', 'C5', 'H1', 'D5', 'E3']",4,E8
356,F1-DAY4_S93,C5,/scicore/home/nimwegen/bojani0000/Gene_clustering_algorithms/pan-genome-analysis/data/E_coli_backup4/input_GenBank/C5_pilon_round_4_annotated.gbk,strict,/scicore/home/nimwegen/bojani0000/20260806-dna-rna-deconvolution-pipeline/breseq_strain_assignment_pipeline/OUTPUT_breseq_assignment/fastq/F1-DAY4_S93/C5.strict_R1.fastq.gz,/scicore/home/nimwegen/bojani0000/20260806-dna-rna-deconvolution-pipeline/breseq_strain_assignment_pipeline/OUTPUT_breseq_assignment/fastq/F1-DAY4_S93/C5.strict_R2.fastq.gz,CHL,"['B8', 'C5']",4,F1
357,F1-DAY4_S93,C5,/scicore/home/nimwegen/bojani0000/Gene_clustering_algorithms/pan-genome-analysis/data/E_coli_backup4/input_GenBank/C5_pilon_round_4_annotated.gbk,permissive,/scicore/home/nimwegen/bojani0000/20260806-dna-rna-deconvolution-pipeline/breseq_strain_assignment_pipeline/OUTPUT_breseq_assignment/fastq/F1-DAY4_S93/C5.permissive_R1.fastq.gz,/scicore/home/nimwegen/bojani0000/20260806-dna-rna-deconvolution-pipeline/breseq_strain_assignment_pipeline/OUTPUT_breseq_assignment/fastq/F1-DAY4_S93/C5.permissive_R2.fastq.gz,CHL,"['B8', 'C5']",4,F1
358,F3-DAY4_S96,B8,/scicore/home/nimwegen/bojani0000/Gene_clustering_algorithms/pan-genome-analysis/data/E_coli_backup4/input_GenBank/B8_pilon_round_4_annotated.gbk,strict,/scicore/home/nimwegen/bojani0000/20260806-dna-rna-deconvolution-pipeline/breseq_strain_assignment_pipeline/OUTPUT_breseq_assignment/fastq/F3-DAY4_S96/B8.strict_R1.fastq.gz,/scicore/home/nimwegen/bojani0000/20260806-dna-rna-deconvolution-pipeline/breseq_strain_assignment_pipeline/OUTPUT_breseq_assignment/fastq/F3-DAY4_S96/B8.strict_R2.fastq.gz,ALA,"['K12', 'B8', 'D2', 'C5', 'H1', 'D5', 'E3']",4,F3
359,F3-DAY4_S96,B8,/scicore/home/nimwegen/bojani0000/Gene_clustering_algorithms/pan-genome-analysis/data/E_coli_backup4/input_GenBank/B8_pilon_round_4_annotated.gbk,permissive,/scicore/home/nimwegen/bojani0000/20260806-dna-rna-deconvolution-pipeline/breseq_strain_assignment_pipeline/OUTPUT_breseq_assignment/fastq/F3-DAY4_S96/B8.permissive_R1.fastq.gz,/scicore/home/nimwegen/bojani0000/20260806-dna-rna-deconvolution-pipeline/breseq_strain_assignment_pipeline/OUTPUT_breseq_assignment/fastq/F3-DAY4_S96/B8.permissive_R2.fastq.gz,ALA,"['K12', 'B8', 'D2', 'C5', 'H1', 'D5', 'E3']",4,F3
360,F3-DAY4_S96,D2,/scicore/home/nimwegen/bojani0000/Gene_clustering_algorithms/pan-genome-analysis/data/E_coli_backup4/input_GenBank/D2_pilon_round_4_annotated.gbk,strict,/scicore/home/nimwegen/bojani0000/20260806-dna-rna-deconvolution-pipeline/breseq_strain_assignment_pipeline/OUTPUT_breseq_assignment/fastq/F3-DAY4_S96/D2.strict_R1.fastq.gz,/scicore/home/nimwegen/bojani0000/20260806-dna-rna-deconvolution-pipeline/breseq_strain_assignment_pipeline/OUTPUT_breseq_assignment/fastq/F3-DAY4_S96/D2.strict_R2.fastq.gz,ALA,"['K12', 'B8', 'D2', 'C5', 'H1', 'D5', 'E3']",4,F3
361,F3-DAY4_S96,D2,/scicore/home/nimwegen/bojani0000/Gene_clustering_algorithms/pan-genome-analysis/data/E_coli_backup4/input_GenBank/D2_pilon_round_4_annotated.gbk,permissive,/scicore/home/nimwegen/bojani0000/20260806-dna-rna-deconvolution-pipeline/breseq_strain_assignment_pipeline/OUTPUT_breseq_assignment/fastq/F3-DAY4_S96/D2.permissive_R1.fastq.gz,/scicore/home/nimwegen/bojani0000/20260806-dna-rna-deconvolution-pipeline/breseq_strain_assignment_pipeline/OUTPUT_breseq_assignment/fastq/F3-DAY4_S96/D2.permissive_R2.fastq.gz,ALA,"['K12', 'B8', 'D2', 'C5', 'H1', 'D5', 'E3']",4,F3
362,F3-DAY4_S96,D5,/scicore/home/nimwegen/bojani0000/Gene_clustering_algorithms/pan-genome-analysis/data/E_coli_backup4/input_GenBank/D5_pilon_round_4_annotated.gbk,strict,/scicore/home/nimwegen/bojani0000/20260806-dna-rna-deconvolution-pipeline/breseq_strain_assignment_pipeline/OUTPUT_breseq_assignment/fastq/F3-DAY4_S96/D5.strict_R1.fastq.gz,/scicore/home/nimwegen/bojani0000/20260806-dna-rna-deconvolution-pipeline/breseq_strain_assignment_pipeline/OUTPUT_breseq_assignment/fastq/F3-DAY4_S96/D5.strict_R2.fastq.gz,ALA,"['K12', 'B8', 'D2', 'C5', 'H1', 'D5', 'E3']",4,F3
363,F3-DAY4_S96,D5,/scicore/home/nimwegen/bojani0000/Gene_clustering_algorithms/pan-genome-analysis/data/E_coli_backup4/input_GenBank/D5_pilon_round_4_annotated.gbk,permissive,/scicore/home/nimwegen/bojani0000/20260806-dna-rna-deconvolution-pipeline/breseq_strain_assignment_pipeline/OUTPUT_breseq_assignment/fastq/F3-DAY4_S96/D5.permissive_R1.fastq.gz,/scicore/home/nimwegen/bojani0000/20260806-dna-rna-deconvolution-pipeline/breseq_strain_assignment_pipeline/OUTPUT_breseq_assignment/fastq/F3-DAY4_S96/D5.permissive_R2.fastq.gz,ALA,"['K12', 'B8', 'D2', 'C5', 'H1', 'D5', 'E3']",4,F3
364,F3-DAY4_S96,E3,/scicore/home/nimwegen/bojani0000/Gene_clustering_algorithms/pan-genome-analysis/data/E_coli_backup4/input_GenBank/E3_pilon_round_4_annotated.gbk,strict,/scicore/home/nimwegen/bojani0000/20260806-dna-rna-deconvolution-pipeline/breseq_strain_assignment_pipeline/OUTPUT_breseq_assignment/fastq/F3-DAY4_S96/E3.strict_R1.fastq.gz,/scicore/home/nimwegen/bojani0000/20260806-dna-rna-deconvolution-pipeline/breseq_strain_assignment_pipeline/OUTPUT_breseq_assignment/fastq/F3-DAY4_S96/E3.strict_R2.fastq.gz,ALA,"['K12', 'B8', 'D2', 'C5', 'H1', 'D5', 'E3']",4,F3
365,F3-DAY4_S96,E3,/scicore/home/nimwegen/bojani0000/Gene_clustering_algorithms/pan-genome-analysis/data/E_coli_backup4/input_GenBank/E3_pilon_round_4_annotated.gbk,permissive,/scicore/home/nimwegen/bojani0000/20260806-dna-rna-deconvolution-pipeline/breseq_strain_assignment_pipeline/OUTPUT_breseq_assignment/fastq/F3-DAY4_S96/E3.permissive_R1.fastq.gz,/scicore/home/nimwegen/bojani0000/20260806-dna-rna-deconvolution-pipeline/breseq_strain_assignment_pipeline/OUTPUT_breseq_assignment/fastq/F3-DAY4_S96/E3.permissive_R2.fastq.gz,ALA,"['K12', 'B8', 'D2', 'C5', 'H1', 'D5', 'E3']",4,F3
366,F4-DAY4_S99,B8,/scicore/home/nimwegen/bojani0000/Gene_clustering_algorithms/pan-genome-analysis/data/E_coli_backup4/input_GenBank/B8_pilon_round_4_annotated.gbk,strict,/scicore/home/nimwegen/bojani0000/20260806-dna-rna-deconvolution-pipeline/breseq_strain_assignment_pipeline/OUTPUT_breseq_assignment/fastq/F4-DAY4_S99/B8.strict_R1.fastq.gz,/scicore/home/nimwegen/bojani0000/20260806-dna-rna-deconvolution-pipeline/breseq_strain_assignment_pipeline/OUTPUT_breseq_assignment/fastq/F4-DAY4_S99/B8.strict_R2.fastq.gz,GLU,"['K12', 'B8', 'D2', 'C5', 'H1', 'D5', 'E3']",4,F4
367,F4-DAY4_S99,B8,/scicore/home/nimwegen/bojani0000/Gene_clustering_algorithms/pan-genome-analysis/data/E_coli_backup4/input_GenBank/B8_pilon_round_4_annotated.gbk,permissive,/scicore/home/nimwegen/bojani0000/20260806-dna-rna-deconvolution-pipeline/breseq_strain_assignment_pipeline/OUTPUT_breseq_assignment/fastq/F4-DAY4_S99/B8.permissive_R1.fastq.gz,/scicore/home/nimwegen/bojani0000/20260806-dna-rna-deconvolution-pipeline/breseq_strain_assignment_pipeline/OUTPUT_breseq_assignment/fastq/F4-DAY4_S99/B8.permissive_R2.fastq.gz,GLU,"['K12', 'B8', 'D2', 'C5', 'H1', 'D5', 'E3']",4,F4
368,F4-DAY4_S99,D2,/scicore/home/nimwegen/bojani0000/Gene_clustering_algorithms/pan-genome-analysis/data/E_coli_backup4/input_GenBank/D2_pilon_round_4_annotated.gbk,strict,/scicore/home/nimwegen/bojani0000/20260806-dna-rna-deconvolution-pipeline/breseq_strain_assignment_pipeline/OUTPUT_breseq_assignment/fastq/F4-DAY4_S99/D2.strict_R1.fastq.gz,/scicore/home/nimwegen/bojani0000/20260806-dna-rna-deconvolution-pipeline/breseq_strain_assignment_pipeline/OUTPUT_breseq_assignment/fastq/F4-DAY4_S99/D2.strict_R2.fastq.gz,GLU,"['K12', 'B8', 'D2', 'C5', 'H1', 'D5', 'E3']",4,F4
369,F4-DAY4_S99,D2,/scicore/home/nimwegen/bojani0000/Gene_clustering_algorithms/pan-genome-analysis/data/E_coli_backup4/input_GenBank/D2_pilon_round_4_annotated.gbk,permissive,/scicore/home/nimwegen/bojani0000/20260806-dna-rna-deconvolution-pipeline/breseq_strain_assignment_pipeline/OUTPUT_breseq_assignment/fastq/F4-DAY4_S99/D2.permissive_R1.fastq.gz,/scicore/home/nimwegen/bojani0000/20260806-dna-rna-deconvolution-pipeline/breseq_strain_assignment_pipeline/OUTPUT_breseq_assignment/fastq/F4-DAY4_S99/D2.permissive_R2.fastq.gz,GLU,"['K12', 'B8', 'D2', 'C5', 'H1', 'D5', 'E3']",4,F4
370,F4-DAY4_S99,E3,/scicore/home/nimwegen/bojani0000/Gene_clustering_algorithms/pan-genome-analysis/data/E_coli_backup4/input_GenBank/E3_pilon_round_4_annotated.gbk,strict,/scicore/home/nimwegen/bojani0000/20260806-dna-rna-deconvolution-pipeline/breseq_strain_assignment_pipeline/OUTPUT_breseq_assignment/fastq/F4-DAY4_S99/E3.strict_R1.fastq.gz,/scicore/home/nimwegen/bojani0000/20260806-dna-rna-deconvolution-pipeline/breseq_strain_assignment_pipeline/OUTPUT_breseq_assignment/fastq/F4-DAY4_S99/E3.strict_R2.fastq.gz,GLU,"['K12', 'B8', 'D2', 'C5', 'H1', 'D5', 'E3']",4,F4
371,F4-DAY4_S99,E3,/scicore/home/nimwegen/bojani0000/Gene_clustering_algorithms/pan-genome-analysis/data/E_coli_backup4/input_GenBank/E3_pilon_round_4_annotated.gbk,permissive,/scicore/home/nimwegen/bojani0000/20260806-dna-rna-deconvolution-pipeline/breseq_strain_assignment_pipeline/OUTPUT_breseq_assignment/fastq/F4-DAY4_S99/E3.permissive_R1.fastq.gz,/scicore/home/nimwegen/bojani0000/20260806-dna-rna-deconvolution-pipeline/breseq_strain_assignment_pipeline/OUTPUT_breseq_assignment/fastq/F4-DAY4_S99/E3.permissive_R2.fastq.gz,GLU,"['K12', 'B8', 'D2', 'C5', 'H1', 'D5', 'E3']",4,F4
372,F5-DAY4_S102,B8,/scicore/home/nimwegen/bojani0000/Gene_clustering_algorithms/pan-genome-analysis/data/E_coli_backup4/input_GenBank/B8_pilon_round_4_annotated.gbk,strict,/scicore/home/nimwegen/bojani0000/20260806-dna-rna-deconvolution-pipeline/breseq_strain_assignment_pipeline/OUTPUT_breseq_assignment/fastq/F5-DAY4_S102/B8.strict_R1.fastq.gz,/scicore/home/nimwegen/bojani0000/20260806-dna-rna-deconvolution-pipeline/breseq_strain_assignment_pipeline/OUTPUT_breseq_assignment/fastq/F5-DAY4_S102/B8.strict_R2.fastq.gz,NACL,"['K12', 'B8', 'D2', 'C5', 'H1', 'D5', 'E3']",4,F5
373,F5-DAY4_S102,B8,/scicore/home/nimwegen/bojani0000/Gene_clustering_algorithms/pan-genome-analysis/data/E_coli_backup4/input_GenBank/B8_pilon_round_4_annotated.gbk,permissive,/scicore/home/nimwegen/bojani0000/20260806-dna-rna-deconvolution-pipeline/breseq_strain_assignment_pipeline/OUTPUT_breseq_assignment/fastq/F5-DAY4_S102/B8.permissive_R1.fastq.gz,/scicore/home/nimwegen/bojani0000/20260806-dna-rna-deconvolution-pipeline/breseq_strain_assignment_pipeline/OUTPUT_breseq_assignment/fastq/F5-DAY4_S102/B8.permissive_R2.fastq.gz,NACL,"['K12', 'B8', 'D2', 'C5', 'H1', 'D5', 'E3']",4,F5
374,F5-DAY4_S102,D2,/scicore/home/nimwegen/bojani0000/Gene_clustering_algorithms/pan-genome-analysis/data/E_coli_backup4/input_GenBank/D2_pilon_round_4_annotated.gbk,strict,/scicore/home/nimwegen/bojani0000/20260806-dna-rna-deconvolution-pipeline/breseq_strain_assignment_pipeline/OUTPUT_breseq_assignment/fastq/F5-DAY4_S102/D2.strict_R1.fastq.gz,/scicore/home/nimwegen/bojani0000/20260806-dna-rna-deconvolution-pipeline/breseq_strain_assignment_pipeline/OUTPUT_breseq_assignment/fastq/F5-DAY4_S102/D2.strict_R2.fastq.gz,NACL,"['K12', 'B8', 'D2', 'C5', 'H1', 'D5', 'E3']",4,F5
375,F5-DAY4_S102,D2,/scicore/home/nimwegen/bojani0000/Gene_clustering_algorithms/pan-genome-analysis/data/E_coli_backup4/input_GenBank/D2_pilon_round_4_annotated.gbk,permissive,/scicore/home/nimwegen/bojani0000/20260806-dna-rna-deconvolution-pipeline/breseq_strain_assignment_pipeline/OUTPUT_breseq_assignment/fastq/F5-DAY4_S102/D2.permissive_R1.fastq.gz,/scicore/home/nimwegen/bojani0000/20260806-dna-rna-deconvolution-pipeline/breseq_strain_assignment_pipeline/OUTPUT_breseq_assignment/fastq/F5-DAY4_S102/D2.permissive_R2.fastq.gz,NACL,"['K12', 'B8', 'D2', 'C5', 'H1', 'D5', 'E3']",4,F5
376,F5-DAY4_S102,D5,/scicore/home/nimwegen/bojani0000/Gene_clustering_algorithms/pan-genome-analysis/data/E_coli_backup4/input_GenBank/D5_pilon_round_4_annotated.gbk,strict,/scicore/home/nimwegen/bojani0000/20260806-dna-rna-deconvolution-pipeline/breseq_strain_assignment_pipeline/OUTPUT_breseq_assignment/fastq/F5-DAY4_S102/D5.strict_R1.fastq.gz,/scicore/home/nimwegen/bojani0000/20260806-dna-rna-deconvolution-pipeline/breseq_strain_assignment_pipeline/OUTPUT_breseq_assignment/fastq/F5-DAY4_S102/D5.strict_R2.fastq.gz,NACL,"['K12', 'B8', 'D2', 'C5', 'H1', 'D5', 'E3']",4,F5
377,F5-DAY4_S102,D5,/scicore/home/nimwegen/bojani0000/Gene_clustering_algorithms/pan-genome-analysis/data/E_coli_backup4/input_GenBank/D5_pilon_round_4_annotated.gbk,permissive,/scicore/home/nimwegen/bojani0000/20260806-dna-rna-deconvolution-pipeline/breseq_strain_assignment_pipeline/OUTPUT_breseq_assignment/fastq/F5-DAY4_S102/D5.permissive_R1.fastq.gz,/scicore/home/nimwegen/bojani0000/20260806-dna-rna-deconvolution-pipeline/breseq_strain_assignment_pipeline/OUTPUT_breseq_assignment/fastq/F5-DAY4_S102/D5.permissive_R2.fastq.gz,NACL,"['K12', 'B8', 'D2', 'C5', 'H1', 'D5', 'E3']",4,F5
378,F6-DAY4_S105,C5,/scicore/home/nimwegen/bojani0000/Gene_clustering_algorithms/pan-genome-analysis/data/E_coli_backup4/input_GenBank/C5_pilon_round_4_annotated.gbk,strict,/scicore/home/nimwegen/bojani0000/20260806-dna-rna-deconvolution-pipeline/breseq_strain_assignment_pipeline/OUTPUT_breseq_assignment/fastq/F6-DAY4_S105/C5.strict_R1.fastq.gz,/scicore/home/nimwegen/bojani0000/20260806-dna-rna-deconvolution-pipeline/breseq_strain_assignment_pipeline/OUTPUT_breseq_assignment/fastq/F6-DAY4_S105/C5.strict_R2.fastq.gz,PH,"['K12', 'B8', 'D2', 'C5', 'H1', 'D5', 'E3']",4,F6
379,F6-DAY4_S105,C5,/scicore/home/nimwegen/bojani0000/Gene_clustering_algorithms/pan-genome-analysis/data/E_coli_backup4/input_GenBank/C5_pilon_round_4_annotated.gbk,permissive,/scicore/home/nimwegen/bojani0000/20260806-dna-rna-deconvolution-pipeline/breseq_strain_assignment_pipeline/OUTPUT_breseq_assignment/fastq/F6-DAY4_S105/C5.permissive_R1.fastq.gz,/scicore/home/nimwegen/bojani0000/20260806-dna-rna-deconvolution-pipeline/breseq_strain_assignment_pipeline/OUTPUT_breseq_assignment/fastq/F6-DAY4_S105/C5.permissive_R2.fastq.gz,PH,"['K12', 'B8', 'D2', 'C5', 'H1', 'D5', 'E3']",4,F6
380,F7-DAY4_S108,C5,/scicore/home/nimwegen/bojani0000/Gene_clustering_algorithms/pan-genome-analysis/data/E_coli_backup4/input_GenBank/C5_pilon_round_4_annotated.gbk,strict,/scicore/home/nimwegen/bojani0000/20260806-dna-rna-deconvolution-pipeline/breseq_strain_assignment_pipeline/OUTPUT_breseq_assignment/fastq/F7-DAY4_S108/C5.strict_R1.fastq.gz,/scicore/home/nimwegen/bojani0000/20260806-dna-rna-deconvolution-pipeline/breseq_strain_assignment_pipeline/OUTPUT_breseq_assignment/fastq/F7-DAY4_S108/C5.strict_R2.fastq.gz,CHL,"['K12', 'B8', 'D2', 'C5', 'H1', 'D5', 'E3']",4,F7
381,F7-DAY4_S108,C5,/scicore/home/nimwegen/bojani0000/Gene_clustering_algorithms/pan-genome-analysis/data/E_coli_backup4/input_GenBank/C5_pilon_round_4_annotated.gbk,permissive,/scicore/home/nimwegen/bojani0000/20260806-dna-rna-deconvolution-pipeline/breseq_strain_assignment_pipeline/OUTPUT_breseq_assignment/fastq/F7-DAY4_S108/C5.permissive_R1.fastq.gz,/scicore/home/nimwegen/bojani0000/20260806-dna-rna-deconvolution-pipeline/breseq_strain_assignment_pipeline/OUTPUT_breseq_assignment/fastq/F7-DAY4_S108/C5.permissive_R2.fastq.gz,CHL,"['K12', 'B8', 'D2', 'C5', 'H1', 'D5', 'E3']",4,F7
382,F8-DAY4_S111,B8,/scicore/home/nimwegen/bojani0000/Gene_clustering_algorithms/pan-genome-analysis/data/E_coli_backup4/input_GenBank/B8_pilon_round_4_annotated.gbk,strict,/scicore/home/nimwegen/bojani0000/20260806-dna-rna-deconvolution-pipeline/breseq_strain_assignment_pipeline/OUTPUT_breseq_assignment/fastq/F8-DAY4_S111/B8.strict_R1.fastq.gz,/scicore/home/nimwegen/bojani0000/20260806-dna-rna-deconvolution-pipeline/breseq_strain_assignment_pipeline/OUTPUT_breseq_assignment/fastq/F8-DAY4_S111/B8.strict_R2.fastq.gz,ALA,"['K12', 'B8', 'D2', 'C5', 'H1', 'D5', 'E3']",4,F8
383,F8-DAY4_S111,B8,/scicore/home/nimwegen/bojani0000/Gene_clustering_algorithms/pan-genome-analysis/data/E_coli_backup4/input_GenBank/B8_pilon_round_4_annotated.gbk,permissive,/scicore/home/nimwegen/bojani0000/20260806-dna-rna-deconvolution-pipeline/breseq_strain_assignment_pipeline/OUTPUT_breseq_assignment/fastq/F8-DAY4_S111/B8.permissive_R1.fastq.gz,/scicore/home/nimwegen/bojani0000/20260806-dna-rna-deconvolution-pipeline/breseq_strain_assignment_pipeline/OUTPUT_breseq_assignment/fastq/F8-DAY4_S111/B8.permissive_R2.fastq.gz,ALA,"['K12', 'B8', 'D2', 'C5', 'H1', 'D5', 'E3']",4,F8
384,F8-DAY4_S111,D2,/scicore/home/nimwegen/bojani0000/Gene_clustering_algorithms/pan-genome-analysis/data/E_coli_backup4/input_GenBank/D2_pilon_round_4_annotated.gbk,strict,/scicore/home/nimwegen/bojani0000/20260806-dna-rna-deconvolution-pipeline/breseq_strain_assignment_pipeline/OUTPUT_breseq_assignment/fastq/F8-DAY4_S111/D2.strict_R1.fastq.gz,/scicore/home/nimwegen/bojani0000/20260806-dna-rna-deconvolution-pipeline/breseq_strain_assignment_pipeline/OUTPUT_breseq_assignment/fastq/F8-DAY4_S111/D2.strict_R2.fastq.gz,ALA,"['K12', 'B8', 'D2', 'C5', 'H1', 'D5', 'E3']",4,F8
385,F8-DAY4_S111,D2,/scicore/home/nimwegen/bojani0000/Gene_clustering_algorithms/pan-genome-analysis/data/E_coli_backup4/input_GenBank/D2_pilon_round_4_annotated.gbk,permissive,/scicore/home/nimwegen/bojani0000/20260806-dna-rna-deconvolution-pipeline/breseq_strain_assignment_pipeline/OUTPUT_breseq_assignment/fastq/F8-DAY4_S111/D2.permissive_R1.fastq.gz,/scicore/home/nimwegen/bojani0000/20260806-dna-rna-deconvolution-pipeline/breseq_strain_assignment_pipeline/OUTPUT_breseq_assignment/fastq/F8-DAY4_S111/D2.permissive_R2.fastq.gz,ALA,"['K12', 'B8', 'D2', 'C5', 'H1', 'D5', 'E3']",4,F8
386,F8-DAY4_S111,D5,/scicore/home/nimwegen/bojani0000/Gene_clustering_algorithms/pan-genome-analysis/data/E_coli_backup4/input_GenBank/D5_pilon_round_4_annotated.gbk,strict,/scicore/home/nimwegen/bojani0000/20260806-dna-rna-deconvolution-pipeline/breseq_strain_assignment_pipeline/OUTPUT_breseq_assignment/fastq/F8-DAY4_S111/D5.strict_R1.fastq.gz,/scicore/home/nimwegen/bojani0000/20260806-dna-rna-deconvolution-pipeline/breseq_strain_assignment_pipeline/OUTPUT_breseq_assignment/fastq/F8-DAY4_S111/D5.strict_R2.fastq.gz,ALA,"['K12', 'B8', 'D2', 'C5', 'H1', 'D5', 'E3']",4,F8
387,F8-DAY4_S111,D5,/scicore/home/nimwegen/bojani0000/Gene_clustering_algorithms/pan-genome-analysis/data/E_coli_backup4/input_GenBank/D5_pilon_round_4_annotated.gbk,permissive,/scicore/home/nimwegen/bojani0000/20260806-dna-rna-deconvolution-pipeline/breseq_strain_assignment_pipeline/OUTPUT_breseq_assignment/fastq/F8-DAY4_S111/D5.permissive_R1.fastq.gz,/scicore/home/nimwegen/bojani0000/20260806-dna-rna-deconvolution-pipeline/breseq_strain_assignment_pipeline/OUTPUT_breseq_assignment/fastq/F8-DAY4_S111/D5.permissive_R2.fastq.gz,ALA,"['K12', 'B8', 'D2', 'C5', 'H1', 'D5', 'E3']",4,F8
388,F8-DAY4_S111,E3,/scicore/home/nimwegen/bojani0000/Gene_clustering_algorithms/pan-genome-analysis/data/E_coli_backup4/input_GenBank/E3_pilon_round_4_annotated.gbk,strict,/scicore/home/nimwegen/bojani0000/20260806-dna-rna-deconvolution-pipeline/breseq_strain_assignment_pipeline/OUTPUT_breseq_assignment/fastq/F8-DAY4_S111/E3.strict_R1.fastq.gz,/scicore/home/nimwegen/bojani0000/20260806-dna-rna-deconvolution-pipeline/breseq_strain_assignment_pipeline/OUTPUT_breseq_assignment/fastq/F8-DAY4_S111/E3.strict_R2.fastq.gz,ALA,"['K12', 'B8', 'D2', 'C5', 'H1', 'D5', 'E3']",4,F8
389,F8-DAY4_S111,E3,/scicore/home/nimwegen/bojani0000/Gene_clustering_algorithms/pan-genome-analysis/data/E_coli_backup4/input_GenBank/E3_pilon_round_4_annotated.gbk,permissive,/scicore/home/nimwegen/bojani0000/20260806-dna-rna-deconvolution-pipeline/breseq_strain_assignment_pipeline/OUTPUT_breseq_assignment/fastq/F8-DAY4_S111/E3.permissive_R1.fastq.gz,/scicore/home/nimwegen/bojani0000/20260806-dna-rna-deconvolution-pipeline/breseq_strain_assignment_pipeline/OUTPUT_breseq_assignment/fastq/F8-DAY4_S111/E3.permissive_R2.fastq.gz,ALA,"['K12', 'B8', 'D2', 'C5', 'H1', 'D5', 'E3']",4,F8
390,ASP1-DAY4_S20,B8,/scicore/home/nimwegen/bojani0000/Gene_clustering_algorithms/pan-genome-analysis/data/E_coli_backup4/input_GenBank/B8_pilon_round_4_annotated.gbk,strict,/scicore/home/nimwegen/bojani0000/20260806-dna-rna-deconvolution-pipeline/breseq_strain_assignment_pipeline/OUTPUT_breseq_assignment/fastq/ASP1-DAY4_S20/B8.strict_R1.fastq.gz,/scicore/home/nimwegen/bojani0000/20260806-dna-rna-deconvolution-pipeline/breseq_strain_assignment_pipeline/OUTPUT_breseq_assignment/fastq/ASP1-DAY4_S20/B8.strict_R2.fastq.gz,GLU-AGAR,"['K12', 'B8', 'D2', 'C5', 'H1', 'D5', 'E3']",4,ASP1
391,ASP1-DAY4_S20,B8,/scicore/home/nimwegen/bojani0000/Gene_clustering_algorithms/pan-genome-analysis/data/E_coli_backup4/input_GenBank/B8_pilon_round_4_annotated.gbk,permissive,/scicore/home/nimwegen/bojani0000/20260806-dna-rna-deconvolution-pipeline/breseq_strain_assignment_pipeline/OUTPUT_breseq_assignment/fastq/ASP1-DAY4_S20/B8.permissive_R1.fastq.gz,/scicore/home/nimwegen/bojani0000/20260806-dna-rna-deconvolution-pipeline/breseq_strain_assignment_pipeline/OUTPUT_breseq_assignment/fastq/ASP1-DAY4_S20/B8.permissive_R2.fastq.gz,GLU-AGAR,"['K12', 'B8', 'D2', 'C5', 'H1', 'D5', 'E3']",4,ASP1
392,ASP1-DAY4_S20,D2,/scicore/home/nimwegen/bojani0000/Gene_clustering_algorithms/pan-genome-analysis/data/E_coli_backup4/input_GenBank/D2_pilon_round_4_annotated.gbk,strict,/scicore/home/nimwegen/bojani0000/20260806-dna-rna-deconvolution-pipeline/breseq_strain_assignment_pipeline/OUTPUT_breseq_assignment/fastq/ASP1-DAY4_S20/D2.strict_R1.fastq.gz,/scicore/home/nimwegen/bojani0000/20260806-dna-rna-deconvolution-pipeline/breseq_strain_assignment_pipeline/OUTPUT_breseq_assignment/fastq/ASP1-DAY4_S20/D2.strict_R2.fastq.gz,GLU-AGAR,"['K12', 'B8', 'D2', 'C5', 'H1', 'D5', 'E3']",4,ASP1
393,ASP1-DAY4_S20,D2,/scicore/home/nimwegen/bojani0000/Gene_clustering_algorithms/pan-genome-analysis/data/E_coli_backup4/input_GenBank/D2_pilon_round_4_annotated.gbk,permissive,/scicore/home/nimwegen/bojani0000/20260806-dna-rna-deconvolution-pipeline/breseq_strain_assignment_pipeline/OUTPUT_breseq_assignment/fastq/ASP1-DAY4_S20/D2.permissive_R1.fastq.gz,/scicore/home/nimwegen/bojani0000/20260806-dna-rna-deconvolution-pipeline/breseq_strain_assignment_pipeline/OUTPUT_breseq_assignment/fastq/ASP1-DAY4_S20/D2.permissive_R2.fastq.gz,GLU-AGAR,"['K12', 'B8', 'D2', 'C5', 'H1', 'D5', 'E3']",4,ASP1
394,ASP2-DAY4_S22,B8,/scicore/home/nimwegen/bojani0000/Gene_clustering_algorithms/pan-genome-analysis/data/E_coli_backup4/input_GenBank/B8_pilon_round_4_annotated.gbk,strict,/scicore/home/nimwegen/bojani0000/20260806-dna-rna-deconvolution-pipeline/breseq_strain_assignment_pipeline/OUTPUT_breseq_assignment/fastq/ASP2-DAY4_S22/B8.strict_R1.fastq.gz,/scicore/home/nimwegen/bojani0000/20260806-dna-rna-deconvolution-pipeline/breseq_strain_assignment_pipeline/OUTPUT_breseq_assignment/fastq/ASP2-DAY4_S22/B8.strict_R2.fastq.gz,GLU-AGAR,"['K12', 'B8', 'D2', 'C5', 'H1', 'D5', 'E3']",4,ASP2
395,ASP2-DAY4_S22,B8,/scicore/home/nimwegen/bojani0000/Gene_clustering_algorithms/pan-genome-analysis/data/E_coli_backup4/input_GenBank/B8_pilon_round_4_annotated.gbk,permissive,/scicore/home/nimwegen/bojani0000/20260806-dna-rna-deconvolution-pipeline/breseq_strain_assignment_pipeline/OUTPUT_breseq_assignment/fastq/ASP2-DAY4_S22/B8.permissive_R1.fastq.gz,/scicore/home/nimwegen/bojani0000/20260806-dna-rna-deconvolution-pipeline/breseq_strain_assignment_pipeline/OUTPUT_breseq_assignment/fastq/ASP2-DAY4_S22/B8.permissive_R2.fastq.gz,GLU-AGAR,"['K12', 'B8', 'D2', 'C5', 'H1', 'D5', 'E3']",4,ASP2
396,ASP2-DAY4_S22,D2,/scicore/home/nimwegen/bojani0000/Gene_clustering_algorithms/pan-genome-analysis/data/E_coli_backup4/input_GenBank/D2_pilon_round_4_annotated.gbk,strict,/scicore/home/nimwegen/bojani0000/20260806-dna-rna-deconvolution-pipeline/breseq_strain_assignment_pipeline/OUTPUT_breseq_assignment/fastq/ASP2-DAY4_S22/D2.strict_R1.fastq.gz,/scicore/home/nimwegen/bojani0000/20260806-dna-rna-deconvolution-pipeline/breseq_strain_assignment_pipeline/OUTPUT_breseq_assignment/fastq/ASP2-DAY4_S22/D2.strict_R2.fastq.gz,GLU-AGAR,"['K12', 'B8', 'D2', 'C5', 'H1', 'D5', 'E3']",4,ASP2
397,ASP2-DAY4_S22,D2,/scicore/home/nimwegen/bojani0000/Gene_clustering_algorithms/pan-genome-analysis/data/E_coli_backup4/input_GenBank/D2_pilon_round_4_annotated.gbk,permissive,/scicore/home/nimwegen/bojani0000/20260806-dna-rna-deconvolution-pipeline/breseq_strain_assignment_pipeline/OUTPUT_breseq_assignment/fastq/ASP2-DAY4_S22/D2.permissive_R1.fastq.gz,/scicore/home/nimwegen/bojani0000/20260806-dna-rna-deconvolution-pipeline/breseq_strain_assignment_pipeline/OUTPUT_breseq_assignment/fastq/ASP2-DAY4_S22/D2.permissive_R2.fastq.gz,GLU-AGAR,"['K12', 'B8', 'D2', 'C5', 'H1', 'D5', 'E3']",4,ASP2
398,ASP2-DAY4_S22,C5,/scicore/home/nimwegen/bojani0000/Gene_clustering_algorithms/pan-genome-analysis/data/E_coli_backup4/input_GenBank/C5_pilon_round_4_annotated.gbk,strict,/scicore/home/nimwegen/bojani0000/20260806-dna-rna-deconvolution-pipeline/breseq_strain_assignment_pipeline/OUTPUT_breseq_assignment/fastq/ASP2-DAY4_S22/C5.strict_R1.fastq.gz,/scicore/home/nimwegen/bojani0000/20260806-dna-rna-deconvolution-pipeline/breseq_strain_assignment_pipeline/OUTPUT_breseq_assignment/fastq/ASP2-DAY4_S22/C5.strict_R2.fastq.gz,GLU-AGAR,"['K12', 'B8', 'D2', 'C5', 'H1', 'D5', 'E3']",4,ASP2
399,ASP2-DAY4_S22,C5,/scicore/home/nimwegen/bojani0000/Gene_clustering_algorithms/pan-genome-analysis/data/E_coli_backup4/input_GenBank/C5_pilon_round_4_annotated.gbk,permissive,/scicore/home/nimwegen/bojani0000/20260806-dna-rna-deconvolution-pipeline/breseq_strain_assignment_pipeline/OUTPUT_breseq_assignment/fastq/ASP2-DAY4_S22/C5.permissive_R1.fastq.gz,/scicore/home/nimwegen/bojani0000/20260806-dna-rna-deconvolution-pipeline/breseq_strain_assignment_pipeline/OUTPUT_breseq_assignment/fastq/ASP2-DAY4_S22/C5.permissive_R2.fastq.gz,GLU-AGAR,"['K12', 'B8', 'D2', 'C5', 'H1', 'D5', 'E3']",4,ASP2
400,ASP2-DAY4_S22,E3,/scicore/home/nimwegen/bojani0000/Gene_clustering_algorithms/pan-genome-analysis/data/E_coli_backup4/input_GenBank/E3_pilon_round_4_annotated.gbk,strict,/scicore/home/nimwegen/bojani0000/20260806-dna-rna-deconvolution-pipeline/breseq_strain_assignment_pipeline/OUTPUT_breseq_assignment/fastq/ASP2-DAY4_S22/E3.strict_R1.fastq.gz,/scicore/home/nimwegen/bojani0000/20260806-dna-rna-deconvolution-pipeline/breseq_strain_assignment_pipeline/OUTPUT_breseq_assignment/fastq/ASP2-DAY4_S22/E3.strict_R2.fastq.gz,GLU-AGAR,"['K12', 'B8', 'D2', 'C5', 'H1', 'D5', 'E3']",4,ASP2
401,ASP2-DAY4_S22,E3,/scicore/home/nimwegen/bojani0000/Gene_clustering_algorithms/pan-genome-analysis/data/E_coli_backup4/input_GenBank/E3_pilon_round_4_annotated.gbk,permissive,/scicore/home/nimwegen/bojani0000/20260806-dna-rna-deconvolution-pipeline/breseq_strain_assignment_pipeline/OUTPUT_breseq_assignment/fastq/ASP2-DAY4_S22/E3.permissive_R1.fastq.gz,/scicore/home/nimwegen/bojani0000/20260806-dna-rna-deconvolution-pipeline/breseq_strain_assignment_pipeline/OUTPUT_breseq_assignment/fastq/ASP2-DAY4_S22/E3.permissive_R2.fastq.gz,GLU-AGAR,"['K12', 'B8', 'D2', 'C5', 'H1', 'D5', 'E3']",4,ASP2
402,ASP3-DAY4_S24,B8,/scicore/home/nimwegen/bojani0000/Gene_clustering_algorithms/pan-genome-analysis/data/E_coli_backup4/input_GenBank/B8_pilon_round_4_annotated.gbk,strict,/scicore/home/nimwegen/bojani0000/20260806-dna-rna-deconvolution-pipeline/breseq_strain_assignment_pipeline/OUTPUT_breseq_assignment/fastq/ASP3-DAY4_S24/B8.strict_R1.fastq.gz,/scicore/home/nimwegen/bojani0000/20260806-dna-rna-deconvolution-pipeline/breseq_strain_assignment_pipeline/OUTPUT_breseq_assignment/fastq/ASP3-DAY4_S24/B8.strict_R2.fastq.gz,GLU-AGAR,"['K12', 'B8', 'D2', 'C5', 'H1', 'D5', 'E3']",4,ASP3
403,ASP3-DAY4_S24,B8,/scicore/home/nimwegen/bojani0000/Gene_clustering_algorithms/pan-genome-analysis/data/E_coli_backup4/input_GenBank/B8_pilon_round_4_annotated.gbk,permissive,/scicore/home/nimwegen/bojani0000/20260806-dna-rna-deconvolution-pipeline/breseq_strain_assignment_pipeline/OUTPUT_breseq_assignment/fastq/ASP3-DAY4_S24/B8.permissive_R1.fastq.gz,/scicore/home/nimwegen/bojani0000/20260806-dna-rna-deconvolution-pipeline/breseq_strain_assignment_pipeline/OUTPUT_breseq_assignment/fastq/ASP3-DAY4_S24/B8.permissive_R2.fastq.gz,GLU-AGAR,"['K12', 'B8', 'D2', 'C5', 'H1', 'D5', 'E3']",4,ASP3
404,ASP3-DAY4_S24,D2,/scicore/home/nimwegen/bojani0000/Gene_clustering_algorithms/pan-genome-analysis/data/E_coli_backup4/input_GenBank/D2_pilon_round_4_annotated.gbk,strict,/scicore/home/nimwegen/bojani0000/20260806-dna-rna-deconvolution-pipeline/breseq_strain_assignment_pipeline/OUTPUT_breseq_assignment/fastq/ASP3-DAY4_S24/D2.strict_R1.fastq.gz,/scicore/home/nimwegen/bojani0000/20260806-dna-rna-deconvolution-pipeline/breseq_strain_assignment_pipeline/OUTPUT_breseq_assignment/fastq/ASP3-DAY4_S24/D2.strict_R2.fastq.gz,GLU-AGAR,"['K12', 'B8', 'D2', 'C5', 'H1', 'D5', 'E3']",4,ASP3
405,ASP3-DAY4_S24,D2,/scicore/home/nimwegen/bojani0000/Gene_clustering_algorithms/pan-genome-analysis/data/E_coli_backup4/input_GenBank/D2_pilon_round_4_annotated.gbk,permissive,/scicore/home/nimwegen/bojani0000/20260806-dna-rna-deconvolution-pipeline/breseq_strain_assignment_pipeline/OUTPUT_breseq_assignment/fastq/ASP3-DAY4_S24/D2.permissive_R1.fastq.gz,/scicore/home/nimwegen/bojani0000/20260806-dna-rna-deconvolution-pipeline/breseq_strain_assignment_pipeline/OUTPUT_breseq_assignment/fastq/ASP3-DAY4_S24/D2.permissive_R2.fastq.gz,GLU-AGAR,"['K12', 'B8', 'D2', 'C5', 'H1', 'D5', 'E3']",4,ASP3
406,ASP3-DAY4_S24,C5,/scicore/home/nimwegen/bojani0000/Gene_clustering_algorithms/pan-genome-analysis/data/E_coli_backup4/input_GenBank/C5_pilon_round_4_annotated.gbk,strict,/scicore/home/nimwegen/bojani0000/20260806-dna-rna-deconvolution-pipeline/breseq_strain_assignment_pipeline/OUTPUT_breseq_assignment/fastq/ASP3-DAY4_S24/C5.strict_R1.fastq.gz,/scicore/home/nimwegen/bojani0000/20260806-dna-rna-deconvolution-pipeline/breseq_strain_assignment_pipeline/OUTPUT_breseq_assignment/fastq/ASP3-DAY4_S24/C5.strict_R2.fastq.gz,GLU-AGAR,"['K12', 'B8', 'D2', 'C5', 'H1', 'D5', 'E3']",4,ASP3
407,ASP3-DAY4_S24,C5,/scicore/home/nimwegen/bojani0000/Gene_clustering_algorithms/pan-genome-analysis/data/E_coli_backup4/input_GenBank/C5_pilon_round_4_annotated.gbk,permissive,/scicore/home/nimwegen/bojani0000/20260806-dna-rna-deconvolution-pipeline/breseq_strain_assignment_pipeline/OUTPUT_breseq_assignment/fastq/ASP3-DAY4_S24/C5.permissive_R1.fastq.gz,/scicore/home/nimwegen/bojani0000/20260806-dna-rna-deconvolution-pipeline/breseq_strain_assignment_pipeline/OUTPUT_breseq_assignment/fastq/ASP3-DAY4_S24/C5.permissive_R2.fastq.gz,GLU-AGAR,"['K12', 'B8', 'D2', 'C5', 'H1', 'D5', 'E3']",4,ASP3
408,ASP3-DAY4_S24,E3,/scicore/home/nimwegen/bojani0000/Gene_clustering_algorithms/pan-genome-analysis/data/E_coli_backup4/input_GenBank/E3_pilon_round_4_annotated.gbk,strict,/scicore/home/nimwegen/bojani0000/20260806-dna-rna-deconvolution-pipeline/breseq_strain_assignment_pipeline/OUTPUT_breseq_assignment/fastq/ASP3-DAY4_S24/E3.strict_R1.fastq.gz,/scicore/home/nimwegen/bojani0000/20260806-dna-rna-deconvolution-pipeline/breseq_strain_assignment_pipeline/OUTPUT_breseq_assignment/fastq/ASP3-DAY4_S24/E3.strict_R2.fastq.gz,GLU-AGAR,"['K12', 'B8', 'D2', 'C5', 'H1', 'D5', 'E3']",4,ASP3
409,ASP3-DAY4_S24,E3,/scicore/home/nimwegen/bojani0000/Gene_clustering_algorithms/pan-genome-analysis/data/E_coli_backup4/input_GenBank/E3_pilon_round_4_annotated.gbk,permissive,/scicore/home/nimwegen/bojani0000/20260806-dna-rna-deconvolution-pipeline/breseq_strain_assignment_pipeline/OUTPUT_breseq_assignment/fastq/ASP3-DAY4_S24/E3.permissive_R1.fastq.gz,/scicore/home/nimwegen/bojani0000/20260806-dna-rna-deconvolution-pipeline/breseq_strain_assignment_pipeline/OUTPUT_breseq_assignment/fastq/ASP3-DAY4_S24/E3.permissive_R2.fastq.gz,GLU-AGAR,"['K12', 'B8', 'D2', 'C5', 'H1', 'D5', 'E3']",4,ASP3
410,ASP1-DAY7_S21,B8,/scicore/home/nimwegen/bojani0000/Gene_clustering_algorithms/pan-genome-analysis/data/E_coli_backup4/input_GenBank/B8_pilon_round_4_annotated.gbk,strict,/scicore/home/nimwegen/bojani0000/20260806-dna-rna-deconvolution-pipeline/breseq_strain_assignment_pipeline/OUTPUT_breseq_assignment/fastq/ASP1-DAY7_S21/B8.strict_R1.fastq.gz,/scicore/home/nimwegen/bojani0000/20260806-dna-rna-deconvolution-pipeline/breseq_strain_assignment_pipeline/OUTPUT_breseq_assignment/fastq/ASP1-DAY7_S21/B8.strict_R2.fastq.gz,GLU-AGAR,"['K12', 'B8', 'D2', 'C5', 'H1', 'D5', 'E3']",7,ASP1
411,ASP1-DAY7_S21,B8,/scicore/home/nimwegen/bojani0000/Gene_clustering_algorithms/pan-genome-analysis/data/E_coli_backup4/input_GenBank/B8_pilon_round_4_annotated.gbk,permissive,/scicore/home/nimwegen/bojani0000/20260806-dna-rna-deconvolution-pipeline/breseq_strain_assignment_pipeline/OUTPUT_breseq_assignment/fastq/ASP1-DAY7_S21/B8.permissive_R1.fastq.gz,/scicore/home/nimwegen/bojani0000/20260806-dna-rna-deconvolution-pipeline/breseq_strain_assignment_pipeline/OUTPUT_breseq_assignment/fastq/ASP1-DAY7_S21/B8.permissive_R2.fastq.gz,GLU-AGAR,"['K12', 'B8', 'D2', 'C5', 'H1', 'D5', 'E3']",7,ASP1
412,ASP1-DAY7_S21,D2,/scicore/home/nimwegen/bojani0000/Gene_clustering_algorithms/pan-genome-analysis/data/E_coli_backup4/input_GenBank/D2_pilon_round_4_annotated.gbk,strict,/scicore/home/nimwegen/bojani0000/20260806-dna-rna-deconvolution-pipeline/breseq_strain_assignment_pipeline/OUTPUT_breseq_assignment/fastq/ASP1-DAY7_S21/D2.strict_R1.fastq.gz,/scicore/home/nimwegen/bojani0000/20260806-dna-rna-deconvolution-pipeline/breseq_strain_assignment_pipeline/OUTPUT_breseq_assignment/fastq/ASP1-DAY7_S21/D2.strict_R2.fastq.gz,GLU-AGAR,"['K12', 'B8', 'D2', 'C5', 'H1', 'D5', 'E3']",7,ASP1
413,ASP1-DAY7_S21,D2,/scicore/home/nimwegen/bojani0000/Gene_clustering_algorithms/pan-genome-analysis/data/E_coli_backup4/input_GenBank/D2_pilon_round_4_annotated.gbk,permissive,/scicore/home/nimwegen/bojani0000/20260806-dna-rna-deconvolution-pipeline/breseq_strain_assignment_pipeline/OUTPUT_breseq_assignment/fastq/ASP1-DAY7_S21/D2.permissive_R1.fastq.gz,/scicore/home/nimwegen/bojani0000/20260806-dna-rna-deconvolution-pipeline/breseq_strain_assignment_pipeline/OUTPUT_breseq_assignment/fastq/ASP1-DAY7_S21/D2.permissive_R2.fastq.gz,GLU-AGAR,"['K12', 'B8', 'D2', 'C5', 'H1', 'D5', 'E3']",7,ASP1
414,ASP2-DAY7_S23,B8,/scicore/home/nimwegen/bojani0000/Gene_clustering_algorithms/pan-genome-analysis/data/E_coli_backup4/input_GenBank/B8_pilon_round_4_annotated.gbk,strict,/scicore/home/nimwegen/bojani0000/20260806-dna-rna-deconvolution-pipeline/breseq_strain_assignment_pipeline/OUTPUT_breseq_assignment/fastq/ASP2-DAY7_S23/B8.strict_R1.fastq.gz,/scicore/home/nimwegen/bojani0000/20260806-dna-rna-deconvolution-pipeline/breseq_strain_assignment_pipeline/OUTPUT_breseq_assignment/fastq/ASP2-DAY7_S23/B8.strict_R2.fastq.gz,GLU-AGAR,"['K12', 'B8', 'D2', 'C5', 'H1', 'D5', 'E3']",7,ASP2
415,ASP2-DAY7_S23,B8,/scicore/home/nimwegen/bojani0000/Gene_clustering_algorithms/pan-genome-analysis/data/E_coli_backup4/input_GenBank/B8_pilon_round_4_annotated.gbk,permissive,/scicore/home/nimwegen/bojani0000/20260806-dna-rna-deconvolution-pipeline/breseq_strain_assignment_pipeline/OUTPUT_breseq_assignment/fastq/ASP2-DAY7_S23/B8.permissive_R1.fastq.gz,/scicore/home/nimwegen/bojani0000/20260806-dna-rna-deconvolution-pipeline/breseq_strain_assignment_pipeline/OUTPUT_breseq_assignment/fastq/ASP2-DAY7_S23/B8.permissive_R2.fastq.gz,GLU-AGAR,"['K12', 'B8', 'D2', 'C5', 'H1', 'D5', 'E3']",7,ASP2
416,ASP2-DAY7_S23,C5,/scicore/home/nimwegen/bojani0000/Gene_clustering_algorithms/pan-genome-analysis/data/E_coli_backup4/input_GenBank/C5_pilon_round_4_annotated.gbk,strict,/scicore/home/nimwegen/bojani0000/20260806-dna-rna-deconvolution-pipeline/breseq_strain_assignment_pipeline/OUTPUT_breseq_assignment/fastq/ASP2-DAY7_S23/C5.strict_R1.fastq.gz,/scicore/home/nimwegen/bojani0000/20260806-dna-rna-deconvolution-pipeline/breseq_strain_assignment_pipeline/OUTPUT_breseq_assignment/fastq/ASP2-DAY7_S23/C5.strict_R2.fastq.gz,GLU-AGAR,"['K12', 'B8', 'D2', 'C5', 'H1', 'D5', 'E3']",7,ASP2
417,ASP2-DAY7_S23,C5,/scicore/home/nimwegen/bojani0000/Gene_clustering_algorithms/pan-genome-analysis/data/E_coli_backup4/input_GenBank/C5_pilon_round_4_annotated.gbk,permissive,/scicore/home/nimwegen/bojani0000/20260806-dna-rna-deconvolution-pipeline/breseq_strain_assignment_pipeline/OUTPUT_breseq_assignment/fastq/ASP2-DAY7_S23/C5.permissive_R1.fastq.gz,/scicore/home/nimwegen/bojani0000/20260806-dna-rna-deconvolution-pipeline/breseq_strain_assignment_pipeline/OUTPUT_breseq_assignment/fastq/ASP2-DAY7_S23/C5.permissive_R2.fastq.gz,GLU-AGAR,"['K12', 'B8', 'D2', 'C5', 'H1', 'D5', 'E3']",7,ASP2
418,ASP2-DAY7_S23,E3,/scicore/home/nimwegen/bojani0000/Gene_clustering_algorithms/pan-genome-analysis/data/E_coli_backup4/input_GenBank/E3_pilon_round_4_annotated.gbk,strict,/scicore/home/nimwegen/bojani0000/20260806-dna-rna-deconvolution-pipeline/breseq_strain_assignment_pipeline/OUTPUT_breseq_assignment/fastq/ASP2-DAY7_S23/E3.strict_R1.fastq.gz,/scicore/home/nimwegen/bojani0000/20260806-dna-rna-deconvolution-pipeline/breseq_strain_assignment_pipeline/OUTPUT_breseq_assignment/fastq/ASP2-DAY7_S23/E3.strict_R2.fastq.gz,GLU-AGAR,"['K12', 'B8', 'D2', 'C5', 'H1', 'D5', 'E3']",7,ASP2
419,ASP2-DAY7_S23,E3,/scicore/home/nimwegen/bojani0000/Gene_clustering_algorithms/pan-genome-analysis/data/E_coli_backup4/input_GenBank/E3_pilon_round_4_annotated.gbk,permissive,/scicore/home/nimwegen/bojani0000/20260806-dna-rna-deconvolution-pipeline/breseq_strain_assignment_pipeline/OUTPUT_breseq_assignment/fastq/ASP2-DAY7_S23/E3.permissive_R1.fastq.gz,/scicore/home/nimwegen/bojani0000/20260806-dna-rna-deconvolution-pipeline/breseq_strain_assignment_pipeline/OUTPUT_breseq_assignment/fastq/ASP2-DAY7_S23/E3.permissive_R2.fastq.gz,GLU-AGAR,"['K12', 'B8', 'D2', 'C5', 'H1', 'D5', 'E3']",7,ASP2
420,ASP3-DAY7_S25,B8,/scicore/home/nimwegen/bojani0000/Gene_clustering_algorithms/pan-genome-analysis/data/E_coli_backup4/input_GenBank/B8_pilon_round_4_annotated.gbk,strict,/scicore/home/nimwegen/bojani0000/20260806-dna-rna-deconvolution-pipeline/breseq_strain_assignment_pipeline/OUTPUT_breseq_assignment/fastq/ASP3-DAY7_S25/B8.strict_R1.fastq.gz,/scicore/home/nimwegen/bojani0000/20260806-dna-rna-deconvolution-pipeline/breseq_strain_assignment_pipeline/OUTPUT_breseq_assignment/fastq/ASP3-DAY7_S25/B8.strict_R2.fastq.gz,GLU-AGAR,"['K12', 'B8', 'D2', 'C5', 'H1', 'D5', 'E3']",7,ASP3
421,ASP3-DAY7_S25,B8,/scicore/home/nimwegen/bojani0000/Gene_clustering_algorithms/pan-genome-analysis/data/E_coli_backup4/input_GenBank/B8_pilon_round_4_annotated.gbk,permissive,/scicore/home/nimwegen/bojani0000/20260806-dna-rna-deconvolution-pipeline/breseq_strain_assignment_pipeline/OUTPUT_breseq_assignment/fastq/ASP3-DAY7_S25/B8.permissive_R1.fastq.gz,/scicore/home/nimwegen/bojani0000/20260806-dna-rna-deconvolution-pipeline/breseq_strain_assignment_pipeline/OUTPUT_breseq_assignment/fastq/ASP3-DAY7_S25/B8.permissive_R2.fastq.gz,GLU-AGAR,"['K12', 'B8', 'D2', 'C5', 'H1', 'D5', 'E3']",7,ASP3
422,ASP3-DAY7_S25,D2,/scicore/home/nimwegen/bojani0000/Gene_clustering_algorithms/pan-genome-analysis/data/E_coli_backup4/input_GenBank/D2_pilon_round_4_annotated.gbk,strict,/scicore/home/nimwegen/bojani0000/20260806-dna-rna-deconvolution-pipeline/breseq_strain_assignment_pipeline/OUTPUT_breseq_assignment/fastq/ASP3-DAY7_S25/D2.strict_R1.fastq.gz,/scicore/home/nimwegen/bojani0000/20260806-dna-rna-deconvolution-pipeline/breseq_strain_assignment_pipeline/OUTPUT_breseq_assignment/fastq/ASP3-DAY7_S25/D2.strict_R2.fastq.gz,GLU-AGAR,"['K12', 'B8', 'D2', 'C5', 'H1', 'D5', 'E3']",7,ASP3
423,ASP3-DAY7_S25,D2,/scicore/home/nimwegen/bojani0000/Gene_clustering_algorithms/pan-genome-analysis/data/E_coli_backup4/input_GenBank/D2_pilon_round_4_annotated.gbk,permissive,/scicore/home/nimwegen/bojani0000/20260806-dna-rna-deconvolution-pipeline/breseq_strain_assignment_pipeline/OUTPUT_breseq_assignment/fastq/ASP3-DAY7_S25/D2.permissive_R1.fastq.gz,/scicore/home/nimwegen/bojani0000/20260806-dna-rna-deconvolution-pipeline/breseq_strain_assignment_pipeline/OUTPUT_breseq_assignment/fastq/ASP3-DAY7_S25/D2.permissive_R2.fastq.gz,GLU-AGAR,"['K12', 'B8', 'D2', 'C5', 'H1', 'D5', 'E3']",7,ASP3
424,ASP3-DAY7_S25,C5,/scicore/home/nimwegen/bojani0000/Gene_clustering_algorithms/pan-genome-analysis/data/E_coli_backup4/input_GenBank/C5_pilon_round_4_annotated.gbk,strict,/scicore/home/nimwegen/bojani0000/20260806-dna-rna-deconvolution-pipeline/breseq_strain_assignment_pipeline/OUTPUT_breseq_assignment/fastq/ASP3-DAY7_S25/C5.strict_R1.fastq.gz,/scicore/home/nimwegen/bojani0000/20260806-dna-rna-deconvolution-pipeline/breseq_strain_assignment_pipeline/OUTPUT_breseq_assignment/fastq/ASP3-DAY7_S25/C5.strict_R2.fastq.gz,GLU-AGAR,"['K12', 'B8', 'D2', 'C5', 'H1', 'D5', 'E3']",7,ASP3
425,ASP3-DAY7_S25,C5,/scicore/home/nimwegen/bojani0000/Gene_clustering_algorithms/pan-genome-analysis/data/E_coli_backup4/input_GenBank/C5_pilon_round_4_annotated.gbk,permissive,/scicore/home/nimwegen/bojani0000/20260806-dna-rna-deconvolution-pipeline/breseq_strain_assignment_pipeline/OUTPUT_breseq_assignment/fastq/ASP3-DAY7_S25/C5.permissive_R1.fastq.gz,/scicore/home/nimwegen/bojani0000/20260806-dna-rna-deconvolution-pipeline/breseq_strain_assignment_pipeline/OUTPUT_breseq_assignment/fastq/ASP3-DAY7_S25/C5.permissive_R2.fastq.gz,GLU-AGAR,"['K12', 'B8', 'D2', 'C5', 'H1', 'D5', 'E3']",7,ASP3
426,ASP3-DAY7_S25,E3,/scicore/home/nimwegen/bojani0000/Gene_clustering_algorithms/pan-genome-analysis/data/E_coli_backup4/input_GenBank/E3_pilon_round_4_annotated.gbk,strict,/scicore/home/nimwegen/bojani0000/20260806-dna-rna-deconvolution-pipeline/breseq_strain_assignment_pipeline/OUTPUT_breseq_assignment/fastq/ASP3-DAY7_S25/E3.strict_R1.fastq.gz,/scicore/home/nimwegen/bojani0000/20260806-dna-rna-deconvolution-pipeline/breseq_strain_assignment_pipeline/OUTPUT_breseq_assignment/fastq/ASP3-DAY7_S25/E3.strict_R2.fastq.gz,GLU-AGAR,"['K12', 'B8', 'D2', 'C5', 'H1', 'D5', 'E3']",7,ASP3
427,ASP3-DAY7_S25,E3,/scicore/home/nimwegen/bojani0000/Gene_clustering_algorithms/pan-genome-analysis/data/E_coli_backup4/input_GenBank/E3_pilon_round_4_annotated.gbk,permissive,/scicore/home/nimwegen/bojani0000/20260806-dna-rna-deconvolution-pipeline/breseq_strain_assignment_pipeline/OUTPUT_breseq_assignment/fastq/ASP3-DAY7_S25/E3.permissive_R1.fastq.gz,/scicore/home/nimwegen/bojani0000/20260806-dna-rna-deconvolution-pipeline/breseq_strain_assignment_pipeline/OUTPUT_breseq_assignment/fastq/ASP3-DAY7_S25/E3.permissive_R2.fastq.gz,GLU-AGAR,"['K12', 'B8', 'D2', 'C5', 'H1', 'D5', 'E3']",7,ASP3
428,ASC4-DAY8_S18,K12,/scicore/home/nimwegen/bojani0000/Gene_clustering_algorithms/pan-genome-analysis/data/E_coli_backup4/input_GenBank/K12_pilon_round_4_annotated.gbk,strict,/scicore/home/nimwegen/bojani0000/20260806-dna-rna-deconvolution-pipeline/breseq_strain_assignment_pipeline/OUTPUT_breseq_assignment/fastq/ASC4-DAY8_S18/K12.strict_R1.fastq.gz,/scicore/home/nimwegen/bojani0000/20260806-dna-rna-deconvolution-pipeline/breseq_strain_assignment_pipeline/OUTPUT_breseq_assignment/fastq/ASC4-DAY8_S18/K12.strict_R2.fastq.gz,CONTROL,"['K12', 'B8', 'D2', 'C5', 'H1', 'D5', 'E3']",8,ASC4
429,ASC4-DAY8_S18,K12,/scicore/home/nimwegen/bojani0000/Gene_clustering_algorithms/pan-genome-analysis/data/E_coli_backup4/input_GenBank/K12_pilon_round_4_annotated.gbk,permissive,/scicore/home/nimwegen/bojani0000/20260806-dna-rna-deconvolution-pipeline/breseq_strain_assignment_pipeline/OUTPUT_breseq_assignment/fastq/ASC4-DAY8_S18/K12.permissive_R1.fastq.gz,/scicore/home/nimwegen/bojani0000/20260806-dna-rna-deconvolution-pipeline/breseq_strain_assignment_pipeline/OUTPUT_breseq_assignment/fastq/ASC4-DAY8_S18/K12.permissive_R2.fastq.gz,CONTROL,"['K12', 'B8', 'D2', 'C5', 'H1', 'D5', 'E3']",8,ASC4
430,ASC4-DAY8_S18,B8,/scicore/home/nimwegen/bojani0000/Gene_clustering_algorithms/pan-genome-analysis/data/E_coli_backup4/input_GenBank/B8_pilon_round_4_annotated.gbk,strict,/scicore/home/nimwegen/bojani0000/20260806-dna-rna-deconvolution-pipeline/breseq_strain_assignment_pipeline/OUTPUT_breseq_assignment/fastq/ASC4-DAY8_S18/B8.strict_R1.fastq.gz,/scicore/home/nimwegen/bojani0000/20260806-dna-rna-deconvolution-pipeline/breseq_strain_assignment_pipeline/OUTPUT_breseq_assignment/fastq/ASC4-DAY8_S18/B8.strict_R2.fastq.gz,CONTROL,"['K12', 'B8', 'D2', 'C5', 'H1', 'D5', 'E3']",8,ASC4
431,ASC4-DAY8_S18,B8,/scicore/home/nimwegen/bojani0000/Gene_clustering_algorithms/pan-genome-analysis/data/E_coli_backup4/input_GenBank/B8_pilon_round_4_annotated.gbk,permissive,/scicore/home/nimwegen/bojani0000/20260806-dna-rna-deconvolution-pipeline/breseq_strain_assignment_pipeline/OUTPUT_breseq_assignment/fastq/ASC4-DAY8_S18/B8.permissive_R1.fastq.gz,/scicore/home/nimwegen/bojani0000/20260806-dna-rna-deconvolution-pipeline/breseq_strain_assignment_pipeline/OUTPUT_breseq_assignment/fastq/ASC4-DAY8_S18/B8.permissive_R2.fastq.gz,CONTROL,"['K12', 'B8', 'D2', 'C5', 'H1', 'D5', 'E3']",8,ASC4
432,ASC4-DAY8_S18,D2,/scicore/home/nimwegen/bojani0000/Gene_clustering_algorithms/pan-genome-analysis/data/E_coli_backup4/input_GenBank/D2_pilon_round_4_annotated.gbk,strict,/scicore/home/nimwegen/bojani0000/20260806-dna-rna-deconvolution-pipeline/breseq_strain_assignment_pipeline/OUTPUT_breseq_assignment/fastq/ASC4-DAY8_S18/D2.strict_R1.fastq.gz,/scicore/home/nimwegen/bojani0000/20260806-dna-rna-deconvolution-pipeline/breseq_strain_assignment_pipeline/OUTPUT_breseq_assignment/fastq/ASC4-DAY8_S18/D2.strict_R2.fastq.gz,CONTROL,"['K12', 'B8', 'D2', 'C5', 'H1', 'D5', 'E3']",8,ASC4
433,ASC4-DAY8_S18,D2,/scicore/home/nimwegen/bojani0000/Gene_clustering_algorithms/pan-genome-analysis/data/E_coli_backup4/input_GenBank/D2_pilon_round_4_annotated.gbk,permissive,/scicore/home/nimwegen/bojani0000/20260806-dna-rna-deconvolution-pipeline/breseq_strain_assignment_pipeline/OUTPUT_breseq_assignment/fastq/ASC4-DAY8_S18/D2.permissive_R1.fastq.gz,/scicore/home/nimwegen/bojani0000/20260806-dna-rna-deconvolution-pipeline/breseq_strain_assignment_pipeline/OUTPUT_breseq_assignment/fastq/ASC4-DAY8_S18/D2.permissive_R2.fastq.gz,CONTROL,"['K12', 'B8', 'D2', 'C5', 'H1', 'D5', 'E3']",8,ASC4
434,ASC4-DAY8_S18,C5,/scicore/home/nimwegen/bojani0000/Gene_clustering_algorithms/pan-genome-analysis/data/E_coli_backup4/input_GenBank/C5_pilon_round_4_annotated.gbk,strict,/scicore/home/nimwegen/bojani0000/20260806-dna-rna-deconvolution-pipeline/breseq_strain_assignment_pipeline/OUTPUT_breseq_assignment/fastq/ASC4-DAY8_S18/C5.strict_R1.fastq.gz,/scicore/home/nimwegen/bojani0000/20260806-dna-rna-deconvolution-pipeline/breseq_strain_assignment_pipeline/OUTPUT_breseq_assignment/fastq/ASC4-DAY8_S18/C5.strict_R2.fastq.gz,CONTROL,"['K12', 'B8', 'D2', 'C5', 'H1', 'D5', 'E3']",8,ASC4
435,ASC4-DAY8_S18,C5,/scicore/home/nimwegen/bojani0000/Gene_clustering_algorithms/pan-genome-analysis/data/E_coli_backup4/input_GenBank/C5_pilon_round_4_annotated.gbk,permissive,/scicore/home/nimwegen/bojani0000/20260806-dna-rna-deconvolution-pipeline/breseq_strain_assignment_pipeline/OUTPUT_breseq_assignment/fastq/ASC4-DAY8_S18/C5.permissive_R1.fastq.gz,/scicore/home/nimwegen/bojani0000/20260806-dna-rna-deconvolution-pipeline/breseq_strain_assignment_pipeline/OUTPUT_breseq_assignment/fastq/ASC4-DAY8_S18/C5.permissive_R2.fastq.gz,CONTROL,"['K12', 'B8', 'D2', 'C5', 'H1', 'D5', 'E3']",8,ASC4
436,ASC4-DAY8_S18,H1,/scicore/home/nimwegen/bojani0000/Gene_clustering_algorithms/pan-genome-analysis/data/E_coli_backup4/input_GenBank/H1_pilon_round_4_annotated.gbk,strict,/scicore/home/nimwegen/bojani0000/20260806-dna-rna-deconvolution-pipeline/breseq_strain_assignment_pipeline/OUTPUT_breseq_assignment/fastq/ASC4-DAY8_S18/H1.strict_R1.fastq.gz,/scicore/home/nimwegen/bojani0000/20260806-dna-rna-deconvolution-pipeline/breseq_strain_assignment_pipeline/OUTPUT_breseq_assignment/fastq/ASC4-DAY8_S18/H1.strict_R2.fastq.gz,CONTROL,"['K12', 'B8', 'D2', 'C5', 'H1', 'D5', 'E3']",8,ASC4
437,ASC4-DAY8_S18,H1,/scicore/home/nimwegen/bojani0000/Gene_clustering_algorithms/pan-genome-analysis/data/E_coli_backup4/input_GenBank/H1_pilon_round_4_annotated.gbk,permissive,/scicore/home/nimwegen/bojani0000/20260806-dna-rna-deconvolution-pipeline/breseq_strain_assignment_pipeline/OUTPUT_breseq_assignment/fastq/ASC4-DAY8_S18/H1.permissive_R1.fastq.gz,/scicore/home/nimwegen/bojani0000/20260806-dna-rna-deconvolution-pipeline/breseq_strain_assignment_pipeline/OUTPUT_breseq_assignment/fastq/ASC4-DAY8_S18/H1.permissive_R2.fastq.gz,CONTROL,"['K12', 'B8', 'D2', 'C5', 'H1', 'D5', 'E3']",8,ASC4
438,ASC4-DAY8_S18,D5,/scicore/home/nimwegen/bojani0000/Gene_clustering_algorithms/pan-genome-analysis/data/E_coli_backup4/input_GenBank/D5_pilon_round_4_annotated.gbk,strict,/scicore/home/nimwegen/bojani0000/20260806-dna-rna-deconvolution-pipeline/breseq_strain_assignment_pipeline/OUTPUT_breseq_assignment/fastq/ASC4-DAY8_S18/D5.strict_R1.fastq.gz,/scicore/home/nimwegen/bojani0000/20260806-dna-rna-deconvolution-pipeline/breseq_strain_assignment_pipeline/OUTPUT_breseq_assignment/fastq/ASC4-DAY8_S18/D5.strict_R2.fastq.gz,CONTROL,"['K12', 'B8', 'D2', 'C5', 'H1', 'D5', 'E3']",8,ASC4
439,ASC4-DAY8_S18,D5,/scicore/home/nimwegen/bojani0000/Gene_clustering_algorithms/pan-genome-analysis/data/E_coli_backup4/input_GenBank/D5_pilon_round_4_annotated.gbk,permissive,/scicore/home/nimwegen/bojani0000/20260806-dna-rna-deconvolution-pipeline/breseq_strain_assignment_pipeline/OUTPUT_breseq_assignment/fastq/ASC4-DAY8_S18/D5.permissive_R1.fastq.gz,/scicore/home/nimwegen/bojani0000/20260806-dna-rna-deconvolution-pipeline/breseq_strain_assignment_pipeline/OUTPUT_breseq_assignment/fastq/ASC4-DAY8_S18/D5.permissive_R2.fastq.gz,CONTROL,"['K12', 'B8', 'D2', 'C5', 'H1', 'D5', 'E3']",8,ASC4
440,ASC4-DAY8_S18,E3,/scicore/home/nimwegen/bojani0000/Gene_clustering_algorithms/pan-genome-analysis/data/E_coli_backup4/input_GenBank/E3_pilon_round_4_annotated.gbk,strict,/scicore/home/nimwegen/bojani0000/20260806-dna-rna-deconvolution-pipeline/breseq_strain_assignment_pipeline/OUTPUT_breseq_assignment/fastq/ASC4-DAY8_S18/E3.strict_R1.fastq.gz,/scicore/home/nimwegen/bojani0000/20260806-dna-rna-deconvolution-pipeline/breseq_strain_assignment_pipeline/OUTPUT_breseq_assignment/fastq/ASC4-DAY8_S18/E3.strict_R2.fastq.gz,CONTROL,"['K12', 'B8', 'D2', 'C5', 'H1', 'D5', 'E3']",8,ASC4
441,ASC4-DAY8_S18,E3,/scicore/home/nimwegen/bojani0000/Gene_clustering_algorithms/pan-genome-analysis/data/E_coli_backup4/input_GenBank/E3_pilon_round_4_annotated.gbk,permissive,/scicore/home/nimwegen/bojani0000/20260806-dna-rna-deconvolution-pipeline/breseq_strain_assignment_pipeline/OUTPUT_breseq_assignment/fastq/ASC4-DAY8_S18/E3.permissive_R1.fastq.gz,/scicore/home/nimwegen/bojani0000/20260806-dna-rna-deconvolution-pipeline/breseq_strain_assignment_pipeline/OUTPUT_breseq_assignment/fastq/ASC4-DAY8_S18/E3.permissive_R2.fastq.gz,CONTROL,"['K12', 'B8', 'D2', 'C5', 'H1', 'D5', 'E3']",8,ASC4
442,ASC5-DAY8_S19,K12,/scicore/home/nimwegen/bojani0000/Gene_clustering_algorithms/pan-genome-analysis/data/E_coli_backup4/input_GenBank/K12_pilon_round_4_annotated.gbk,strict,/scicore/home/nimwegen/bojani0000/20260806-dna-rna-deconvolution-pipeline/breseq_strain_assignment_pipeline/OUTPUT_breseq_assignment/fastq/ASC5-DAY8_S19/K12.strict_R1.fastq.gz,/scicore/home/nimwegen/bojani0000/20260806-dna-rna-deconvolution-pipeline/breseq_strain_assignment_pipeline/OUTPUT_breseq_assignment/fastq/ASC5-DAY8_S19/K12.strict_R2.fastq.gz,CONTROL,"['K12', 'B8', 'D2', 'C5', 'H1', 'D5', 'E3']",8,ASC5
443,ASC5-DAY8_S19,K12,/scicore/home/nimwegen/bojani0000/Gene_clustering_algorithms/pan-genome-analysis/data/E_coli_backup4/input_GenBank/K12_pilon_round_4_annotated.gbk,permissive,/scicore/home/nimwegen/bojani0000/20260806-dna-rna-deconvolution-pipeline/breseq_strain_assignment_pipeline/OUTPUT_breseq_assignment/fastq/ASC5-DAY8_S19/K12.permissive_R1.fastq.gz,/scicore/home/nimwegen/bojani0000/20260806-dna-rna-deconvolution-pipeline/breseq_strain_assignment_pipeline/OUTPUT_breseq_assignment/fastq/ASC5-DAY8_S19/K12.permissive_R2.fastq.gz,CONTROL,"['K12', 'B8', 'D2', 'C5', 'H1', 'D5', 'E3']",8,ASC5
444,ASC5-DAY8_S19,B8,/scicore/home/nimwegen/bojani0000/Gene_clustering_algorithms/pan-genome-analysis/data/E_coli_backup4/input_GenBank/B8_pilon_round_4_annotated.gbk,strict,/scicore/home/nimwegen/bojani0000/20260806-dna-rna-deconvolution-pipeline/breseq_strain_assignment_pipeline/OUTPUT_breseq_assignment/fastq/ASC5-DAY8_S19/B8.strict_R1.fastq.gz,/scicore/home/nimwegen/bojani0000/20260806-dna-rna-deconvolution-pipeline/breseq_strain_assignment_pipeline/OUTPUT_breseq_assignment/fastq/ASC5-DAY8_S19/B8.strict_R2.fastq.gz,CONTROL,"['K12', 'B8', 'D2', 'C5', 'H1', 'D5', 'E3']",8,ASC5
445,ASC5-DAY8_S19,B8,/scicore/home/nimwegen/bojani0000/Gene_clustering_algorithms/pan-genome-analysis/data/E_coli_backup4/input_GenBank/B8_pilon_round_4_annotated.gbk,permissive,/scicore/home/nimwegen/bojani0000/20260806-dna-rna-deconvolution-pipeline/breseq_strain_assignment_pipeline/OUTPUT_breseq_assignment/fastq/ASC5-DAY8_S19/B8.permissive_R1.fastq.gz,/scicore/home/nimwegen/bojani0000/20260806-dna-rna-deconvolution-pipeline/breseq_strain_assignment_pipeline/OUTPUT_breseq_assignment/fastq/ASC5-DAY8_S19/B8.permissive_R2.fastq.gz,CONTROL,"['K12', 'B8', 'D2', 'C5', 'H1', 'D5', 'E3']",8,ASC5
446,ASC5-DAY8_S19,D2,/scicore/home/nimwegen/bojani0000/Gene_clustering_algorithms/pan-genome-analysis/data/E_coli_backup4/input_GenBank/D2_pilon_round_4_annotated.gbk,strict,/scicore/home/nimwegen/bojani0000/20260806-dna-rna-deconvolution-pipeline/breseq_strain_assignment_pipeline/OUTPUT_breseq_assignment/fastq/ASC5-DAY8_S19/D2.strict_R1.fastq.gz,/scicore/home/nimwegen/bojani0000/20260806-dna-rna-deconvolution-pipeline/breseq_strain_assignment_pipeline/OUTPUT_breseq_assignment/fastq/ASC5-DAY8_S19/D2.strict_R2.fastq.gz,CONTROL,"['K12', 'B8', 'D2', 'C5', 'H1', 'D5', 'E3']",8,ASC5
447,ASC5-DAY8_S19,D2,/scicore/home/nimwegen/bojani0000/Gene_clustering_algorithms/pan-genome-analysis/data/E_coli_backup4/input_GenBank/D2_pilon_round_4_annotated.gbk,permissive,/scicore/home/nimwegen/bojani0000/20260806-dna-rna-deconvolution-pipeline/breseq_strain_assignment_pipeline/OUTPUT_breseq_assignment/fastq/ASC5-DAY8_S19/D2.permissive_R1.fastq.gz,/scicore/home/nimwegen/bojani0000/20260806-dna-rna-deconvolution-pipeline/breseq_strain_assignment_pipeline/OUTPUT_breseq_assignment/fastq/ASC5-DAY8_S19/D2.permissive_R2.fastq.gz,CONTROL,"['K12', 'B8', 'D2', 'C5', 'H1', 'D5', 'E3']",8,ASC5
448,ASC5-DAY8_S19,C5,/scicore/home/nimwegen/bojani0000/Gene_clustering_algorithms/pan-genome-analysis/data/E_coli_backup4/input_GenBank/C5_pilon_round_4_annotated.gbk,strict,/scicore/home/nimwegen/bojani0000/20260806-dna-rna-deconvolution-pipeline/breseq_strain_assignment_pipeline/OUTPUT_breseq_assignment/fastq/ASC5-DAY8_S19/C5.strict_R1.fastq.gz,/scicore/home/nimwegen/bojani0000/20260806-dna-rna-deconvolution-pipeline/breseq_strain_assignment_pipeline/OUTPUT_breseq_assignment/fastq/ASC5-DAY8_S19/C5.strict_R2.fastq.gz,CONTROL,"['K12', 'B8', 'D2', 'C5', 'H1', 'D5', 'E3']",8,ASC5
449,ASC5-DAY8_S19,C5,/scicore/home/nimwegen/bojani0000/Gene_clustering_algorithms/pan-genome-analysis/data/E_coli_backup4/input_GenBank/C5_pilon_round_4_annotated.gbk,permissive,/scicore/home/nimwegen/bojani0000/20260806-dna-rna-deconvolution-pipeline/breseq_strain_assignment_pipeline/OUTPUT_breseq_assignment/fastq/ASC5-DAY8_S19/C5.permissive_R1.fastq.gz,/scicore/home/nimwegen/bojani0000/20260806-dna-rna-deconvolution-pipeline/breseq_strain_assignment_pipeline/OUTPUT_breseq_assignment/fastq/ASC5-DAY8_S19/C5.permissive_R2.fastq.gz,CONTROL,"['K12', 'B8', 'D2', 'C5', 'H1', 'D5', 'E3']",8,ASC5
450,ASC5-DAY8_S19,H1,/scicore/home/nimwegen/bojani0000/Gene_clustering_algorithms/pan-genome-analysis/data/E_coli_backup4/input_GenBank/H1_pilon_round_4_annotated.gbk,strict,/scicore/home/nimwegen/bojani0000/20260806-dna-rna-deconvolution-pipeline/breseq_strain_assignment_pipeline/OUTPUT_breseq_assignment/fastq/ASC5-DAY8_S19/H1.strict_R1.fastq.gz,/scicore/home/nimwegen/bojani0000/20260806-dna-rna-deconvolution-pipeline/breseq_strain_assignment_pipeline/OUTPUT_breseq_assignment/fastq/ASC5-DAY8_S19/H1.strict_R2.fastq.gz,CONTROL,"['K12', 'B8', 'D2', 'C5', 'H1', 'D5', 'E3']",8,ASC5
451,ASC5-DAY8_S19,H1,/scicore/home/nimwegen/bojani0000/Gene_clustering_algorithms/pan-genome-analysis/data/E_coli_backup4/input_GenBank/H1_pilon_round_4_annotated.gbk,permissive,/scicore/home/nimwegen/bojani0000/20260806-dna-rna-deconvolution-pipeline/breseq_strain_assignment_pipeline/OUTPUT_breseq_assignment/fastq/ASC5-DAY8_S19/H1.permissive_R1.fastq.gz,/scicore/home/nimwegen/bojani0000/20260806-dna-rna-deconvolution-pipeline/breseq_strain_assignment_pipeline/OUTPUT_breseq_assignment/fastq/ASC5-DAY8_S19/H1.permissive_R2.fastq.gz,CONTROL,"['K12', 'B8', 'D2', 'C5', 'H1', 'D5', 'E3']",8,ASC5
452,ASC5-DAY8_S19,D5,/scicore/home/nimwegen/bojani0000/Gene_clustering_algorithms/pan-genome-analysis/data/E_coli_backup4/input_GenBank/D5_pilon_round_4_annotated.gbk,strict,/scicore/home/nimwegen/bojani0000/20260806-dna-rna-deconvolution-pipeline/breseq_strain_assignment_pipeline/OUTPUT_breseq_assignment/fastq/ASC5-DAY8_S19/D5.strict_R1.fastq.gz,/scicore/home/nimwegen/bojani0000/20260806-dna-rna-deconvolution-pipeline/breseq_strain_assignment_pipeline/OUTPUT_breseq_assignment/fastq/ASC5-DAY8_S19/D5.strict_R2.fastq.gz,CONTROL,"['K12', 'B8', 'D2', 'C5', 'H1', 'D5', 'E3']",8,ASC5
453,ASC5-DAY8_S19,D5,/scicore/home/nimwegen/bojani0000/Gene_clustering_algorithms/pan-genome-analysis/data/E_coli_backup4/input_GenBank/D5_pilon_round_4_annotated.gbk,permissive,/scicore/home/nimwegen/bojani0000/20260806-dna-rna-deconvolution-pipeline/breseq_strain_assignment_pipeline/OUTPUT_breseq_assignment/fastq/ASC5-DAY8_S19/D5.permissive_R1.fastq.gz,/scicore/home/nimwegen/bojani0000/20260806-dna-rna-deconvolution-pipeline/breseq_strain_assignment_pipeline/OUTPUT_breseq_assignment/fastq/ASC5-DAY8_S19/D5.permissive_R2.fastq.gz,CONTROL,"['K12', 'B8', 'D2', 'C5', 'H1', 'D5', 'E3']",8,ASC5
454,ASC5-DAY8_S19,E3,/scicore/home/nimwegen/bojani0000/Gene_clustering_algorithms/pan-genome-analysis/data/E_coli_backup4/input_GenBank/E3_pilon_round_4_annotated.gbk,strict,/scicore/home/nimwegen/bojani0000/20260806-dna-rna-deconvolution-pipeline/breseq_strain_assignment_pipeline/OUTPUT_breseq_assignment/fastq/ASC5-DAY8_S19/E3.strict_R1.fastq.gz,/scicore/home/nimwegen/bojani0000/20260806-dna-rna-deconvolution-pipeline/breseq_strain_assignment_pipeline/OUTPUT_breseq_assignment/fastq/ASC5-DAY8_S19/E3.strict_R2.fastq.gz,CONTROL,"['K12', 'B8', 'D2', 'C5', 'H1', 'D5', 'E3']",8,ASC5
455,ASC5-DAY8_S19,E3,/scicore/home/nimwegen/bojani0000/Gene_clustering_algorithms/pan-genome-analysis/data/E_coli_backup4/input_GenBank/E3_pilon_round_4_annotated.gbk,permissive,/scicore/home/nimwegen/bojani0000/20260806-dna-rna-deconvolution-pipeline/breseq_strain_assignment_pipeline/OUTPUT_breseq_assignment/fastq/ASC5-DAY8_S19/E3.permissive_R1.fastq.gz,/scicore/home/nimwegen/bojani0000/20260806-dna-rna-deconvolution-pipeline/breseq_strain_assignment_pipeline/OUTPUT_breseq_assignment/fastq/ASC5-DAY8_S19/E3.permissive_R2.fastq.gz,CONTROL,"['K12', 'B8', 'D2', 'C5', 'H1', 'D5', 'E3']",8,ASC5
456,B8C-DAY8_S40,B8,/scicore/home/nimwegen/bojani0000/Gene_clustering_algorithms/pan-genome-analysis/data/E_coli_backup4/input_GenBank/B8_pilon_round_4_annotated.gbk,strict,/scicore/home/nimwegen/bojani0000/20260806-dna-rna-deconvolution-pipeline/breseq_strain_assignment_pipeline/OUTPUT_breseq_assignment/fastq/B8C-DAY8_S40/B8.strict_R1.fastq.gz,/scicore/home/nimwegen/bojani0000/20260806-dna-rna-deconvolution-pipeline/breseq_strain_assignment_pipeline/OUTPUT_breseq_assignment/fastq/B8C-DAY8_S40/B8.strict_R2.fastq.gz,CONTROL,['B8'],8,B8C
457,B8C-DAY8_S40,B8,/scicore/home/nimwegen/bojani0000/Gene_clustering_algorithms/pan-genome-analysis/data/E_coli_backup4/input_GenBank/B8_pilon_round_4_annotated.gbk,permissive,/scicore/home/nimwegen/bojani0000/20260806-dna-rna-deconvolution-pipeline/breseq_strain_assignment_pipeline/OUTPUT_breseq_assignment/fastq/B8C-DAY8_S40/B8.permissive_R1.fastq.gz,/scicore/home/nimwegen/bojani0000/20260806-dna-rna-deconvolution-pipeline/breseq_strain_assignment_pipeline/OUTPUT_breseq_assignment/fastq/B8C-DAY8_S40/B8.permissive_R2.fastq.gz,CONTROL,['B8'],8,B8C
458,C5C-DAY8_S49,C5,/scicore/home/nimwegen/bojani0000/Gene_clustering_algorithms/pan-genome-analysis/data/E_coli_backup4/input_GenBank/C5_pilon_round_4_annotated.gbk,strict,/scicore/home/nimwegen/bojani0000/20260806-dna-rna-deconvolution-pipeline/breseq_strain_assignment_pipeline/OUTPUT_breseq_assignment/fastq/C5C-DAY8_S49/C5.strict_R1.fastq.gz,/scicore/home/nimwegen/bojani0000/20260806-dna-rna-deconvolution-pipeline/breseq_strain_assignment_pipeline/OUTPUT_breseq_assignment/fastq/C5C-DAY8_S49/C5.strict_R2.fastq.gz,CONTROL,['C5'],8,C5C
459,C5C-DAY8_S49,C5,/scicore/home/nimwegen/bojani0000/Gene_clustering_algorithms/pan-genome-analysis/data/E_coli_backup4/input_GenBank/C5_pilon_round_4_annotated.gbk,permissive,/scicore/home/nimwegen/bojani0000/20260806-dna-rna-deconvolution-pipeline/breseq_strain_assignment_pipeline/OUTPUT_breseq_assignment/fastq/C5C-DAY8_S49/C5.permissive_R1.fastq.gz,/scicore/home/nimwegen/bojani0000/20260806-dna-rna-deconvolution-pipeline/breseq_strain_assignment_pipeline/OUTPUT_breseq_assignment/fastq/C5C-DAY8_S49/C5.permissive_R2.fastq.gz,CONTROL,['C5'],8,C5C
460,D2C-DAY8_S60,D2,/scicore/home/nimwegen/bojani0000/Gene_clustering_algorithms/pan-genome-analysis/data/E_coli_backup4/input_GenBank/D2_pilon_round_4_annotated.gbk,strict,/scicore/home/nimwegen/bojani0000/20260806-dna-rna-deconvolution-pipeline/breseq_strain_assignment_pipeline/OUTPUT_breseq_assignment/fastq/D2C-DAY8_S60/D2.strict_R1.fastq.gz,/scicore/home/nimwegen/bojani0000/20260806-dna-rna-deconvolution-pipeline/breseq_strain_assignment_pipeline/OUTPUT_breseq_assignment/fastq/D2C-DAY8_S60/D2.strict_R2.fastq.gz,CONTROL,['D2'],8,D2C
461,D2C-DAY8_S60,D2,/scicore/home/nimwegen/bojani0000/Gene_clustering_algorithms/pan-genome-analysis/data/E_coli_backup4/input_GenBank/D2_pilon_round_4_annotated.gbk,permissive,/scicore/home/nimwegen/bojani0000/20260806-dna-rna-deconvolution-pipeline/breseq_strain_assignment_pipeline/OUTPUT_breseq_assignment/fastq/D2C-DAY8_S60/D2.permissive_R1.fastq.gz,/scicore/home/nimwegen/bojani0000/20260806-dna-rna-deconvolution-pipeline/breseq_strain_assignment_pipeline/OUTPUT_breseq_assignment/fastq/D2C-DAY8_S60/D2.permissive_R2.fastq.gz,CONTROL,['D2'],8,D2C
462,D5C-DAY8_S67,D5,/scicore/home/nimwegen/bojani0000/Gene_clustering_algorithms/pan-genome-analysis/data/E_coli_backup4/input_GenBank/D5_pilon_round_4_annotated.gbk,strict,/scicore/home/nimwegen/bojani0000/20260806-dna-rna-deconvolution-pipeline/breseq_strain_assignment_pipeline/OUTPUT_breseq_assignment/fastq/D5C-DAY8_S67/D5.strict_R1.fastq.gz,/scicore/home/nimwegen/bojani0000/20260806-dna-rna-deconvolution-pipeline/breseq_strain_assignment_pipeline/OUTPUT_breseq_assignment/fastq/D5C-DAY8_S67/D5.strict_R2.fastq.gz,CONTROL,['D5'],8,D5C
463,D5C-DAY8_S67,D5,/scicore/home/nimwegen/bojani0000/Gene_clustering_algorithms/pan-genome-analysis/data/E_coli_backup4/input_GenBank/D5_pilon_round_4_annotated.gbk,permissive,/scicore/home/nimwegen/bojani0000/20260806-dna-rna-deconvolution-pipeline/breseq_strain_assignment_pipeline/OUTPUT_breseq_assignment/fastq/D5C-DAY8_S67/D5.permissive_R1.fastq.gz,/scicore/home/nimwegen/bojani0000/20260806-dna-rna-deconvolution-pipeline/breseq_strain_assignment_pipeline/OUTPUT_breseq_assignment/fastq/D5C-DAY8_S67/D5.permissive_R2.fastq.gz,CONTROL,['D5'],8,D5C
464,E3C-DAY8_S80,E3,/scicore/home/nimwegen/bojani0000/Gene_clustering_algorithms/pan-genome-analysis/data/E_coli_backup4/input_GenBank/E3_pilon_round_4_annotated.gbk,strict,/scicore/home/nimwegen/bojani0000/20260806-dna-rna-deconvolution-pipeline/breseq_strain_assignment_pipeline/OUTPUT_breseq_assignment/fastq/E3C-DAY8_S80/E3.strict_R1.fastq.gz,/scicore/home/nimwegen/bojani0000/20260806-dna-rna-deconvolution-pipeline/breseq_strain_assignment_pipeline/OUTPUT_breseq_assignment/fastq/E3C-DAY8_S80/E3.strict_R2.fastq.gz,CONTROL,['E3'],8,E3C
465,E3C-DAY8_S80,E3,/scicore/home/nimwegen/bojani0000/Gene_clustering_algorithms/pan-genome-analysis/data/E_coli_backup4/input_GenBank/E3_pilon_round_4_annotated.gbk,permissive,/scicore/home/nimwegen/bojani0000/20260806-dna-rna-deconvolution-pipeline/breseq_strain_assignment_pipeline/OUTPUT_breseq_assignment/fastq/E3C-DAY8_S80/E3.permissive_R1.fastq.gz,/scicore/home/nimwegen/bojani0000/20260806-dna-rna-deconvolution-pipeline/breseq_strain_assignment_pipeline/OUTPUT_breseq_assignment/fastq/E3C-DAY8_S80/E3.permissive_R2.fastq.gz,CONTROL,['E3'],8,E3C
466,H1C-DAY8_S112,H1,/scicore/home/nimwegen/bojani0000/Gene_clustering_algorithms/pan-genome-analysis/data/E_coli_backup4/input_GenBank/H1_pilon_round_4_annotated.gbk,strict,/scicore/home/nimwegen/bojani0000/20260806-dna-rna-deconvolution-pipeline/breseq_strain_assignment_pipeline/OUTPUT_breseq_assignment/fastq/H1C-DAY8_S112/H1.strict_R1.fastq.gz,/scicore/home/nimwegen/bojani0000/20260806-dna-rna-deconvolution-pipeline/breseq_strain_assignment_pipeline/OUTPUT_breseq_assignment/fastq/H1C-DAY8_S112/H1.strict_R2.fastq.gz,CONTROL,['H1'],8,H1C
467,H1C-DAY8_S112,H1,/scicore/home/nimwegen/bojani0000/Gene_clustering_algorithms/pan-genome-analysis/data/E_coli_backup4/input_GenBank/H1_pilon_round_4_annotated.gbk,permissive,/scicore/home/nimwegen/bojani0000/20260806-dna-rna-deconvolution-pipeline/breseq_strain_assignment_pipeline/OUTPUT_breseq_assignment/fastq/H1C-DAY8_S112/H1.permissive_R1.fastq.gz,/scicore/home/nimwegen/bojani0000/20260806-dna-rna-deconvolution-pipeline/breseq_strain_assignment_pipeline/OUTPUT_breseq_assignment/fastq/H1C-DAY8_S112/H1.permissive_R2.fastq.gz,CONTROL,['H1'],8,H1C
468,K12C-DAY8_S113,K12,/scicore/home/nimwegen/bojani0000/Gene_clustering_algorithms/pan-genome-analysis/data/E_coli_backup4/input_GenBank/K12_pilon_round_4_annotated.gbk,strict,/scicore/home/nimwegen/bojani0000/20260806-dna-rna-deconvolution-pipeline/breseq_strain_assignment_pipeline/OUTPUT_breseq_assignment/fastq/K12C-DAY8_S113/K12.strict_R1.fastq.gz,/scicore/home/nimwegen/bojani0000/20260806-dna-rna-deconvolution-pipeline/breseq_strain_assignment_pipeline/OUTPUT_breseq_assignment/fastq/K12C-DAY8_S113/K12.strict_R2.fastq.gz,CONTROL,['K12'],8,K12C
469,K12C-DAY8_S113,K12,/scicore/home/nimwegen/bojani0000/Gene_clustering_algorithms/pan-genome-analysis/data/E_coli_backup4/input_GenBank/K12_pilon_round_4_annotated.gbk,permissive,/scicore/home/nimwegen/bojani0000/20260806-dna-rna-deconvolution-pipeline/breseq_strain_assignment_pipeline/OUTPUT_breseq_assignment/fastq/K12C-DAY8_S113/K12.permissive_R1.fastq.gz,/scicore/home/nimwegen/bojani0000/20260806-dna-rna-deconvolution-pipeline/breseq_strain_assignment_pipeline/OUTPUT_breseq_assignment/fastq/K12C-DAY8_S113/K12.permissive_R2.fastq.gz,CONTROL,['K12'],8,K12C
470,A2-DAY2_S04,C5,/scicore/home/nimwegen/bojani0000/Gene_clustering_algorithms/pan-genome-analysis/data/E_coli_backup4/input_GenBank/C5_pilon_round_4_annotated.gbk,strict,/scicore/home/nimwegen/bojani0000/20260806-dna-rna-deconvolution-pipeline/breseq_strain_assignment_pipeline/OUTPUT_breseq_assignment/fastq/A2-DAY2_S04/C5.strict_R1.fastq.gz,/scicore/home/nimwegen/bojani0000/20260806-dna-rna-deconvolution-pipeline/breseq_strain_assignment_pipeline/OUTPUT_breseq_assignment/fastq/A2-DAY2_S04/C5.strict_R2.fastq.gz,CHL,"['K12', 'C5']",2,A2
471,A2-DAY2_S04,C5,/scicore/home/nimwegen/bojani0000/Gene_clustering_algorithms/pan-genome-analysis/data/E_coli_backup4/input_GenBank/C5_pilon_round_4_annotated.gbk,permissive,/scicore/home/nimwegen/bojani0000/20260806-dna-rna-deconvolution-pipeline/breseq_strain_assignment_pipeline/OUTPUT_breseq_assignment/fastq/A2-DAY2_S04/C5.permissive_R1.fastq.gz,/scicore/home/nimwegen/bojani0000/20260806-dna-rna-deconvolution-pipeline/breseq_strain_assignment_pipeline/OUTPUT_breseq_assignment/fastq/A2-DAY2_S04/C5.permissive_R2.fastq.gz,CHL,"['K12', 'C5']",2,A2
472,B6-DAY2_S36,C5,/scicore/home/nimwegen/bojani0000/Gene_clustering_algorithms/pan-genome-analysis/data/E_coli_backup4/input_GenBank/C5_pilon_round_4_annotated.gbk,strict,/scicore/home/nimwegen/bojani0000/20260806-dna-rna-deconvolution-pipeline/breseq_strain_assignment_pipeline/OUTPUT_breseq_assignment/fastq/B6-DAY2_S36/C5.strict_R1.fastq.gz,/scicore/home/nimwegen/bojani0000/20260806-dna-rna-deconvolution-pipeline/breseq_strain_assignment_pipeline/OUTPUT_breseq_assignment/fastq/B6-DAY2_S36/C5.strict_R2.fastq.gz,CHL,"['K12', 'B8', 'C5', 'H1', 'D5', 'E3']",2,B6
473,B6-DAY2_S36,C5,/scicore/home/nimwegen/bojani0000/Gene_clustering_algorithms/pan-genome-analysis/data/E_coli_backup4/input_GenBank/C5_pilon_round_4_annotated.gbk,permissive,/scicore/home/nimwegen/bojani0000/20260806-dna-rna-deconvolution-pipeline/breseq_strain_assignment_pipeline/OUTPUT_breseq_assignment/fastq/B6-DAY2_S36/C5.permissive_R1.fastq.gz,/scicore/home/nimwegen/bojani0000/20260806-dna-rna-deconvolution-pipeline/breseq_strain_assignment_pipeline/OUTPUT_breseq_assignment/fastq/B6-DAY2_S36/C5.permissive_R2.fastq.gz,CHL,"['K12', 'B8', 'C5', 'H1', 'D5', 'E3']",2,B6
474,B6-DAY2_S36,E3,/scicore/home/nimwegen/bojani0000/Gene_clustering_algorithms/pan-genome-analysis/data/E_coli_backup4/input_GenBank/E3_pilon_round_4_annotated.gbk,strict,/scicore/home/nimwegen/bojani0000/20260806-dna-rna-deconvolution-pipeline/breseq_strain_assignment_pipeline/OUTPUT_breseq_assignment/fastq/B6-DAY2_S36/E3.strict_R1.fastq.gz,/scicore/home/nimwegen/bojani0000/20260806-dna-rna-deconvolution-pipeline/breseq_strain_assignment_pipeline/OUTPUT_breseq_assignment/fastq/B6-DAY2_S36/E3.strict_R2.fastq.gz,CHL,"['K12', 'B8', 'C5', 'H1', 'D5', 'E3']",2,B6
475,B6-DAY2_S36,E3,/scicore/home/nimwegen/bojani0000/Gene_clustering_algorithms/pan-genome-analysis/data/E_coli_backup4/input_GenBank/E3_pilon_round_4_annotated.gbk,permissive,/scicore/home/nimwegen/bojani0000/20260806-dna-rna-deconvolution-pipeline/breseq_strain_assignment_pipeline/OUTPUT_breseq_assignment/fastq/B6-DAY2_S36/E3.permissive_R1.fastq.gz,/scicore/home/nimwegen/bojani0000/20260806-dna-rna-deconvolution-pipeline/breseq_strain_assignment_pipeline/OUTPUT_breseq_assignment/fastq/B6-DAY2_S36/E3.permissive_R2.fastq.gz,CHL,"['K12', 'B8', 'C5', 'H1', 'D5', 'E3']",2,B6
476,D3-DAY2_S62,D5,/scicore/home/nimwegen/bojani0000/Gene_clustering_algorithms/pan-genome-analysis/data/E_coli_backup4/input_GenBank/D5_pilon_round_4_annotated.gbk,strict,/scicore/home/nimwegen/bojani0000/20260806-dna-rna-deconvolution-pipeline/breseq_strain_assignment_pipeline/OUTPUT_breseq_assignment/fastq/D3-DAY2_S62/D5.strict_R1.fastq.gz,/scicore/home/nimwegen/bojani0000/20260806-dna-rna-deconvolution-pipeline/breseq_strain_assignment_pipeline/OUTPUT_breseq_assignment/fastq/D3-DAY2_S62/D5.strict_R2.fastq.gz,CHL,"['D2', 'D5']",2,D3
477,D3-DAY2_S62,D5,/scicore/home/nimwegen/bojani0000/Gene_clustering_algorithms/pan-genome-analysis/data/E_coli_backup4/input_GenBank/D5_pilon_round_4_annotated.gbk,permissive,/scicore/home/nimwegen/bojani0000/20260806-dna-rna-deconvolution-pipeline/breseq_strain_assignment_pipeline/OUTPUT_breseq_assignment/fastq/D3-DAY2_S62/D5.permissive_R1.fastq.gz,/scicore/home/nimwegen/bojani0000/20260806-dna-rna-deconvolution-pipeline/breseq_strain_assignment_pipeline/OUTPUT_breseq_assignment/fastq/D3-DAY2_S62/D5.permissive_R2.fastq.gz,CHL,"['D2', 'D5']",2,D3
